Article title,anode,HIL,lumo_HIL,homo_HIL,thickness_HIL,HTL1,lumo_HTL1,homo_HTL1,thickness_HTL1,HTL2,lumo_HTL2,homo_HTL2,thickness_HTL2,HTL3,lumo_HTL3,homo_HTL3,thickness_HTL3,total_HTL_thickness,triplet_HTL,EML,lumo_EML,homo_EML,triplet_HOST,thickness_EML,dopant1,lumo_dopant,homo_dopant,triplet_dopant,dopant_percentage,triplet_ETL,total_ETL_thickness,ETL1,lumo_ETL1,homo_ETL1,thickness_ETL1,ETL2,lumo_ETL2,homo_ETL2,thickness_ETL2,cathode_1,cathode_workfunction,thickness_cathode1,cathode_2,thickness_cathode2,"Turn on Voltage, V at 1 cdm-2","Power efficiency, Lm/W at 1000 cdm-2","Quantum efficiency, %",cd/A
"A bipolar macrospirocyclic oligomer based on triphenylamine and 4,5-diazafluorene as a solution-processable host for blue phosphorescent organic light-emitting diodes",ITO,PEDOT:PSS,3.3,5.2,25,,,,,,,,,,,,,0,0,(TPA-DAF)3,1.83,5.27,2.88,35,FIrpic,3,5.7,2.7,11,2.6,35,,,,,TPBi,2.8,6.2,35,Ca,2.8,10,Ag,100,5.1,1,2,5.00
"A bipolar macrospirocyclic oligomer based on triphenylamine and 4,5-diazafluorene as a solution-processable host for blue phosphorescent organic light-emitting diodes",ITO,PEDOT:PSS,3.3,5.2,25,,,,,,,,,,,,,0,0,TAPC,2,5.5,2.87,35,FIrpic,3,5.7,2.7,15,2.6,35,,,,,TPBi,2.8,6.2,35,Ca,2.8,10,Ag,100,3.6,0.78,2,4.00
"A bipolar macrospirocyclic oligomer based on triphenylamine and 4,5-diazafluorene as a solution-processable host for blue phosphorescent organic light-emitting diodes",ITO,PEDOT:PSS,3.3,5.2,25,,,,,,,,,,,,,0,0,(TPA-DAF)3,1.83,5.27,2.88,35,FIrpic,3,5.7,2.7,15,2.6,35,,,,,TPBi,2.8,6.2,35,Ca,2.8,10,Ag,100,5.1,4.68,4,9.00
"A bipolar macrospirocyclic oligomer based on triphenylamine and 4,5-diazafluorene as a solution-processable host for blue phosphorescent organic light-emitting diodes",ITO,PEDOT:PSS,3.3,5.2,25,,,,,,,,,,,,,0,0,(TPA-DAF)3:TAPC (3:7),1.83,5.5,2.88,35,FIrpic,3,5.7,2.7,15,2.6,35,,,,,TPBi,2.8,6.2,35,Ca,2.8,10,Ag,100,3,7.02,8,12.00
"A bipolar macrospirocyclic oligomer based on triphenylamine and 4,5-diazafluorene as a solution-processable host for blue phosphorescent organic light-emitting diodes",ITO,PEDOT:PSS,3.3,5.2,25,,,,,,,,,,,,,0,0,(TPA-DAF)3,1.83,5.27,2.88,35,FIrpic,3,5.7,2.7,20,2.6,35,,,,,TPBi,2.8,6.2,35,Ca,2.8,10,Ag,100,5,3,3,8.00
A facile way to synthesize high-triplet-energy hosts for blue phosphorescent organic light-emitting diodes with high glass transition temperature and low driving voltage,ITO,HAT-CN,5.7,9.5,10,TAPC,2,5.5,45,,,,,,,,,45,2.87,SAFDCZ,1.74,5.13,2.84,20,FIrpic,3,5.7,2.7,15,2.75,40,,,,,TmPyPB,2.73,6.68,40,Liq,2.8,2,Al,120,3.9,12.1,10.1,20.90
A facile way to synthesize high-triplet-energy hosts for blue phosphorescent organic light-emitting diodes with high glass transition temperature and low driving voltage,ITO,HAT-CN,5.7,9.5,10,TAPC,2,5.5,45,,,,,,,,,45,2.87,SAFNDCZ,1.79,5.1,2.86,20,FIrpic,3,5.7,2.7,15,2.75,40,,,,,TmPyPB,2.73,6.68,40,Liq,2.8,2,Al,120,3,25.8,14.6,33.20
"A high triplet energy, high thermal stability oxadiazole derivative as the electron transporter for highly efficient red, green and blue phosphorescent OLEDs",ITO,,,,,NPB,2.5,5.2,30,mCP,2.4,5.9,20,,,,,50,3,BCPO,2.19,5.76,3.01,30,FIrpic,3,5.7,2.7,8,2.76,40,,,,,TPOTP,2.26,5.85,40,LiF,3.5,1,Al,100,3.2,18.64,20,32.25
"A New Phosphine Oxide Host based on ortho-Disubstituted Dibenzofuran for Efficient Electrophosphorescence: Towards High Triplet State Excited Levels and Excellent Thermal, Morphological and Efficiency Stability",ITO,MoO3,6.7,9.7,2,m-MTDATA:MoOx,1.9,9.7,30,m-MTDATA,1.9,5.1,10,Ir(ppz)3,1.6,4.9,10,50,3.14,o-DBFDPO,2.9,6,3.14,10,FIrpic,3,5.7,2.7,10,2.5,40,,,,,Bphen,3,6.4,40,LiF,3.5,1,Al,100,3.2,3.74,3.8,7.37
"A New Phosphine Oxide Host based on ortho-Disubstituted Dibenzofuran for Efficient Electrophosphorescence: Towards High Triplet State Excited Levels and Excellent Thermal, Morphological and Efficiency Stability",ITO,MoO3,6.7,9.7,2,m-MTDATA:MoOx,1.9,9.7,30,m-MTDATA,1.9,5.1,10,Ir(ppz)3,1.6,4.9,10,50,3.14,o-DBFDPO,2.9,6,3.14,20,FIrpic,3,5.7,2.7,10,2.5,30,,,,,Bphen,3,6.4,30,LiF,3.5,1,Al,100,3.2,4.02,8.6,8.44
A new synthesis strategy for acridine derivatives to constructing novel host for phosphorescent organic light-emitting diodes,ITO,HAT-CN,5.7,9.5,10,TAPC,2,5.5,50,,,,,,,,,50,2.87,DPhAcPy,2.39,5.54,2.68,20,FIrpic,3,5.7,2.7,15,2.75,40,,,,,TmPyPB,2.73,6.68,40,Liq,2.8,2,Al,120,4.1,8.8,9.3,14.60
Acridine modified dibenzothiophene derivatives as high triplet energy host materials for blue phosphorescent organic light-emitting diodes,ITO,PEDOT:PSS,3.3,5.2,60,TAPC,2,5.5,30,,,,,,,,,30,2.87,DBTDAc,2.27,5.85,2.86,25,Ir(dbi)3,2.21,4.95,2.7,10,3.36,35,TSPO1,2.5,6.8,5,TPBi,2.8,6.2,30,LiF,3.5,1,Al,200,3,38.4,25.5,50.42
Acridine modified dibenzothiophene derivatives as high triplet energy host materials for blue phosphorescent organic light-emitting diodes,ITO,PEDOT:PSS,3.3,5.2,60,TAPC,2,5.5,30,,,,,,,,,30,2.87,DBTAcCz,2.28,5.8,2.91,25,Ir(dbi)3,2.21,4.95,2.7,10,3.36,35,TSPO1,2.5,6.8,5,TPBi,2.8,6.2,30,LiF,3.5,1,Al,200,3.8,35,27.2,49.94
An Exciplex Forming Host for Highly Effi cient Blue Organic Light Emitting Diodes with Low Driving Voltage,ITO,ReO3:mCP,2.4,6.1,45,mCP,2.4,5.9,15,,,,,,,,,15,2.9,mCP:PO-T2T,2.4,7.5,2.64,30,FIrpic,3,5.7,2.7,10,2.99,70,PO-T2T,3.47,7.5,20,PO-T2T:Rb2CO3,3.47,7.5,50,,4.28,0,Al,100,2.4,54.1,29.4,64.38
An Exciplex Host for Deep-Blue Phosphorescent Organic Light-Emitting Diodes,ITO,ReO3:mCP,2.4,6.1,30,mCP,2.4,5.9,20,,,,,,,,,20,3,BM-A10,3.2,7,2.8,20,FCNIr,3,5.8,2.9,12,2.8,20,,,,,BM-A10,3.2,7,20,,4.3,0,Al,200,3.6,4,6,8.86
An Exciplex Host for Deep-Blue Phosphorescent Organic Light-Emitting Diodes,ITO,ReO3:mCP,2.4,6.1,30,mCP,2.4,5.9,20,,,,,,,,,20,3,mCP,2.4,5.9,2.9,20,FCNIr,3,5.8,2.9,12,2.8,20,,,,,BM-A10,3.2,7,20,,4.3,0,Al,200,3.3,5,6,9.51
An Exciplex Host for Deep-Blue Phosphorescent Organic Light-Emitting Diodes,ITO,ReO3:mCP,2.4,6.1,30,mCP,2.4,5.9,20,,,,,,,,,20,3,mcp:BM-A10,2.4,7,3,10,FCNIr,3,5.8,2.9,12,2.8,20,,,,,BM-A10,3.2,7,20,,4.3,0,Al,200,2.9,21,17,30.76
An Exciplex Host for Deep-Blue Phosphorescent Organic Light-Emitting Diodes,ITO,ReO3:mCP,2.4,6.1,30,mCP,2.4,5.9,20,,,,,,,,,20,3,mcp:BM-A11,2.4,7,3,20,FCNIr,3,5.8,2.9,12,2.8,20,,,,,BM-A10,3.2,7,20,,4.3,0,Al,200,2.9,26,21,37.97
An Exciplex Host for Deep-Blue Phosphorescent Organic Light-Emitting Diodes,ITO,ReO3:mCP,2.4,6.1,30,mCP,2.4,5.9,20,,,,,,,,,20,3,mcp:BM-A12,2.4,7,3,30,FCNIr,3,5.8,2.9,12,2.8,20,,,,,BM-A10,3.2,7,20,,4.3,0,Al,200,2.9,24,21,36.68
An Exciplex Host for Deep-Blue Phosphorescent Organic Light-Emitting Diodes,ITO,ReO3:mCP,2.4,6.1,30,mCP,2.4,5.9,20,,,,,,,,,20,3,mcp:BM-A13,2.4,7,3,40,FCNIr,3,5.8,2.9,12,2.8,20,,,,,BM-A10,3.2,7,20,,4.3,0,Al,200,2.9,23,19,34.04
Bipolar host materials with carbazole and dipyridylamine groups showing high triplet energy for blue phosphorescent organic light emitting diodes,ITO,PEDOT:PSS,3.3,5.2,55,TAPC,2,5.5,20,mCP,2.4,5.9,10,,,,,30,3,mCPPy,2.3,5.86,2.94,25,FIrpic,3,5.7,2.7,10,2.75,35,,,,,TmPyPB,2.73,6.68,35,LiF,3.5,1,Al,100,4,12.3,13.4,26.00
Bipolar host materials with carbazole and dipyridylamine groups showing high triplet energy for blue phosphorescent organic light emitting diodes,ITO,PEDOT:PSS,3.3,5.2,55,TAPC,2,5.5,20,mCP,2.4,5.9,10,,,,,30,3,DCPPy,2.3,5.86,2.94,25,FIrpic,3,5.7,2.7,10,2.75,35,,,,,TmPyPB,2.73,6.68,35,LiF,3.5,1,Al,100,4.1,19.4,21.6,43.20
Bipolar host materials with carbazole and dipyridylamine groups showing high triplet energy for blue phosphorescent organic light emitting diodes,ITO,PEDOT:PSS,3.3,5.2,55,TAPC,2,5.5,20,mCP,2.4,5.9,10,,,,,30,3,CPDPy,2.24,5.78,2.95,25,FIrpic,3,5.7,2.7,10,2.75,35,,,,,TmPyPB,2.73,6.68,35,LiF,3.5,1,Al,100,4,16.4,17.2,33.90
Bipolar host materials with carbazole and dipyridylamine groups showing high triplet energy for blue phosphorescent organic light emitting diodes,ITO,PEDOT:PSS,3.3,5.2,55,TAPC,2,5.5,20,mCP,2.4,5.9,10,,,,,30,3,mCP,2.4,5.9,3,25,FIrpic,3,5.7,2.7,10,2.75,35,,,,,TmPyPB,2.73,6.68,35,LiF,3.5,1,Al,100,4,16.1,17,33.60
"Blue phosphorescent organic light-emitting devices based on carbazole/thioxanthene-S,S-dioxide with a high glass transition temperature",ITO,HAT-CN,5.7,9.5,5,TAPC,2,5.5,40,,,,,,,,,40,2.87,EBCz-ThX,2.63,5.95,2.94,25,FIrpic,3,5.7,2.7,10,2.75,30,,,,,TmPyPB,2.73,6.68,30,LiF,3.5,1,Al,100,3,6.4,7.8,15.30
"Blue phosphorescent organic light-emitting devices based on carbazole/thioxanthene-S,S-dioxide with a high glass transition temperature",ITO,HAT-CN,5.7,9.5,5,TAPC,2,5.5,40,,,,,,,,,40,2.87,EBCz-ThX,2.63,5.95,2.94,25,FIrpic,3,5.7,2.7,15,2.75,30,,,,,TmPyPB,2.73,6.68,30,LiF,3.5,1,Al,100,3,8.2,10.2,21.00
"Blue phosphorescent organic light-emitting devices based on carbazole/thioxanthene-S,S-dioxide with a high glass transition temperature",ITO,HAT-CN,5.7,9.5,5,TAPC,2,5.5,40,,,,,,,,,40,2.87,EBCz-ThX,2.63,5.95,2.94,25,FIrpic,3,5.7,2.7,20,2.75,30,,,,,TmPyPB,2.73,6.68,30,LiF,3.5,1,Al,100,3.5,3.6,5.2,11.10
"Blue phosphorescent organic light-emitting devices based on carbazole/thioxanthene-S,S-dioxide with a high glass transition temperature",ITO,HAT-CN,5.7,9.5,5,TAPC,2,5.5,40,,,,,,,,,40,2.87,mCP,2.4,5.9,3,25,FIrpic,3,5.7,2.7,8,2.75,30,,,,,TmPyPB,2.73,6.68,30,LiF,3.5,1,Al,100,3.5,6.1,7.7,9.50
"Blue-emitting Ir(III) complexes using fluorinated bipyridyl as main ligand and 1,2,4-triazol as ancillary ligand: syntheses, photophysical properties and performances in devices",ITO,MoO3,2.3,5.3,3,TCTA,2.4,5.7,25,,,,,,,,,25,2.94,mCP,2.4,5.9,3,15,"(F2,4ppy)2Ir(tfmptz)",2.6,5.5,2.74,4.5,2.6,35,,,,,TPBi,2.8,6.2,35,LiF,3.5,1,Al,200,4,3,3.45,4.50
"Blue-emitting Ir(III) complexes using fluorinated bipyridyl as main ligand and 1,2,4-triazol as ancillary ligand: syntheses, photophysical properties and performances in devices",ITO,,,,,NPB,2.5,5.2,30,TCTA,2.4,5.7,10,,,,,40,2.82,CBP,2.7,5.8,2.6,30,"(F3,4,5ppy)2Ir(tfmptz)",2.7,5.5,2.67,8,2.6,35,,,,,TPBi,2.8,6.2,35,LiF,3.5,1,Al,200,3.7,4.5,5.2,8.00
"Colour stability of Blue–Green and white phosphorescent organic light-emitting diode employing a 9-(2-(4,5-diphenyl-4H-1,2,4-triazol-3-yl)phenyl)-9H-carbazole host",ITO,,,,,NPB,2.5,5.4,50,mCP,2.4,5.9,10,,,,,60,3,CbzTAZ,2.3,5.9,3.1,30,FIrpic,3,5.7,2.7,9,2.7,45,,,,,TAZ,2.7,6.3,45,LiF,3.5,1,Al,100,5,17.5,17.8,37.80
Comparison of Bipolar Hosts and Mixed-Hosts as Host Structures for DeepBlue Phosphorescent Organic Light Emitting Diodes,ITO,DNTPD,2.1,5.2,60,NPB,2.5,5.2,5,mCP,2.4,5.9,10,,,,,15,3,DFCzPO,2.56,6.08,3,30,FCNIrpic,2.98,5.72,2.74,3,3.36,20,,,,,TSPO1,2.5,6.8,20,LiF,3.5,1,Al,200,3.7,10,17.5,21.50
Comparison of Bipolar Hosts and Mixed-Hosts as Host Structures for DeepBlue Phosphorescent Organic Light Emitting Diodes,ITO,DNTPD,2.1,5.2,60,NPB,2.5,5.2,5,mCP,2.4,5.9,10,,,,,15,3,DFCz:DFPO,2.48,6.09,3.04,30,FCNIrpic,2.98,5.72,2.74,3,3.36,20,,,,,TSPO1,2.5,6.8,20,LiF,3.5,1,Al,200,3.7,9,16.7,19.00
"Construction of thermally stable 3,6-disubstituted spiro-fluorene derivatives as host materials for blue phosphorescent organic light-emitting diodes",ITO,MoO3,2.3,5.3,10,NPB,2.5,5.2,70,mCP,2.4,5.9,5,,,,,75,3,BSBDC,2.28,5.76,2.81,40,FIrpic,3,5.7,2.7,7,2.75,40,,,,,TmPyPB,2.73,6.68,40,LiF,3.5,1,Al,150,3.2,31.5,17.05,31.70
"Construction of thermally stable 3,6-disubstituted spiro-fluorene derivatives as host materials for blue phosphorescent organic light-emitting diodes",ITO,MoO3,2.3,5.3,10,NPB,2.5,5.2,70,mCP,2.4,5.9,5,,,,,75,3,BSBDP,2.38,6.16,2.87,40,FIrpic,3,5.7,2.7,7,2.75,40,,,,,TmPyPB,2.73,6.68,40,LiF,3.5,1,Al,150,2.8,30.3,16.25,30.10
"Construction of thermally stable 3,6-disubstituted spiro-fluorene derivatives as host materials for blue phosphorescent organic light-emitting diodes",ITO,MoO3,2.3,5.3,10,NPB,2.5,5.2,70,mCP,2.4,5.9,5,,,,,75,3,BBDC,2.32,5.8,2.81,40,FIrpic,3,5.7,2.7,7,2.75,40,,,,,TmPyPB,2.73,6.68,40,LiF,3.5,1,Al,150,3.5,5.2,11.45,20.50
"Construction of thermally stable 3,6-disubstituted spiro-fluorene derivatives as host materials for blue phosphorescent organic light-emitting diodes",ITO,MoO3,2.3,5.3,10,NPB,2.5,5.2,70,mCP,2.4,5.9,5,,,,,75,3,BBDP,2.35,6.23,2.87,40,FIrpic,3,5.7,2.7,7,2.75,40,,,,,TmPyPB,2.73,6.68,40,LiF,3.5,1,Al,150,3.3,12.5,15.25,28.10
Controlling singlet–triplet splitting in carbazole–oxadiazole based bipolar phosphorescent host materials,ITO,MoO3,2.3,5.3,10,NPB,2.5,5.2,70,TCTA,2.4,5.7,5,,,,,75,2.82,o-PCzPOXD,2.12,5.64,2.62,10,FIrpic,3,5.7,2.7,12,2.6,30,,,,,TPBi,2.8,6.2,30,LiF,3.5,1,Al,100,3.2,10.8,8.7,20.50
Controlling singlet–triplet splitting in carbazole–oxadiazole based bipolar phosphorescent host materials,ITO,MoO3,2.3,5.3,10,NPB,2.5,5.2,70,TCTA,2.4,5.7,5,,,,,75,2.82,o-2MPCzPOXD,2.07,5.6,2.66,10,FIrpic,3,5.7,2.7,12,2.6,30,,,,,TPBi,2.8,6.2,30,LiF,3.5,1,Al,100,3,18.8,13.6,28.70
Controlling singlet–triplet splitting in carbazole–oxadiazole based bipolar phosphorescent host materials,ITO,MoO3,2.3,5.3,10,NPB,2.5,5.2,70,TCTA,2.4,5.7,5,,,,,75,2.82,o-3MPCzPOXD,2.09,5.66,2.73,10,FIrpic,3,5.7,2.7,12,2.6,30,,,,,TPBi,2.8,6.2,30,LiF,3.5,1,Al,100,3,14.3,10.1,22.80
Controlling singlet–triplet splitting in carbazole–oxadiazole based bipolar phosphorescent host materials,ITO,MoO3,2.3,5.3,10,NPB,2.5,5.2,70,TCTA,2.4,5.7,5,,,,,75,2.82,o-2MPCzPOXD,2.07,5.6,2.66,10,FIr6,3.1,6.1,2.72,12,2.75,35,,,,,TmPyPB,2.73,6.68,35,LiF,3.5,1,Al,100,3,6.3,5.7,11.50
Controlling singlet–triplet splitting in carbazole–oxadiazole based bipolar phosphorescent host materials,ITO,MoO3,2.3,5.3,10,NPB,2.5,5.2,70,TCTA,2.4,5.7,5,,,,,75,2.82,o-3MPCzPOXD,2.09,5.66,2.73,10,FIr6,3.1,6.1,2.72,12,2.75,35,,,,,TmPyPB,2.73,6.68,35,LiF,3.5,1,Al,100,3,5.8,5.2,11.10
Correlation of the substitution position of diphenylphosphine oxide on phenylcarbazole and device performances of blue phosphorescent organic light-emitting diodes,ITO,DNTPD,2.1,5.2,60,NPB,2.5,5.2,20,mCP,2.4,5.9,10,,,,,30,3,PPO27,3,6.25,2.81,30,FIrpic,3,5.7,2.7,10,3.36,25,,,,,TSPO1,2.5,6.8,25,LiF,3.5,1,Al,100,3,23,20.3,32.00
Correlation of the substitution position of diphenylphosphine oxide on phenylcarbazole and device performances of blue phosphorescent organic light-emitting diodes,ITO,DNTPD,2.1,5.2,60,NPB,2.5,5.2,20,mCP,2.4,5.9,10,,,,,30,3,PPO36,2.77,6.31,3.01,30,FIrpic,3,5.7,2.7,10,3.36,25,,,,,TSPO1,2.5,6.8,25,LiF,3.5,1,Al,100,3.8,10.5,14.1,20.40
Correlation of the substitution position of diphenylphosphine oxide on phenylcarbazole and device performances of blue phosphorescent organic light-emitting diodes,ITO,DNTPD,2.1,5.2,60,NPB,2.5,5.2,20,mCP,2.4,5.9,10,,,,,30,3,PPO27,3,6.25,2.81,30,FCNIr,3,5.8,2.9,10,3.36,25,,,,,TSPO1,2.5,6.8,25,LiF,3.5,1,Al,100,3.5,8.7,13.5,12.00
Correlation of the substitution position of diphenylphosphine oxide on phenylcarbazole and device performances of blue phosphorescent organic light-emitting diodes,ITO,DNTPD,2.1,5.2,60,NPB,2.5,5.2,20,mCP,2.4,5.9,10,,,,,30,3,PPO36,2.77,6.31,3.01,30,FCNIr,3,5.8,2.9,10,3.36,25,,,,,TSPO1,2.5,6.8,25,LiF,3.5,1,Al,100,4,7,14.9,22.40
Deep-Blue Phosphorescent Ir(III) Complexes with Light-Harvesting Functional Moieties for Efficient Blue and White PhOLEDs in Solution-Process,ITO,PEDOT:PSS,3.3,5.2,30,TCTA,2.4,5.7,30,,,,,,,,,30,2.98,pBCb2Cz:mCPPO1,2.26,5.7,2.93,20,tBuCN-Firpic,3.12,5.85,2.77,10,3.36,25,,,,,TSPO1,2.5,6.8,25,LiF,3.5,1,Al,100,6.8,14.2,11.8,21.20
Deep-Blue Phosphorescent Ir(III) Complexes with Light-Harvesting Functional Moieties for Efficient Blue and White PhOLEDs in Solution-Process,ITO,PEDOT:PSS,3.3,5.2,30,TCTA,2.4,5.7,30,,,,,,,,,30,2.98,pBCb2Cz:mCPPO1,2.26,5.7,2.93,20,tBuCN-Firpic-mCP,3.16,5.96,2.77,10,3.36,25,,,,,TSPO1,2.5,6.8,25,LiF,3.5,1,Al,100,6.86,19.66,15.3,28.20
Design principles of carbazole/dibenzothiophene derivatives as host material in modern efficient organic light-emitting diodes,ITO,MoO3,2.3,5.3,3.5,TAPC,2,5.5,40,,,,,,,,,40,2.87,6,2.57,5.98,2.73,20,FIrpic,3,5.7,2.7,8,2.75,40,,,,,TmPyPB,2.73,6.68,40,Liq,2.8,2.5,Al,100,5.6,16.7,12.3,29.60
Design principles of carbazole/dibenzothiophene derivatives as host material in modern efficient organic light-emitting diodes,ITO,MoO3,2.3,5.3,3.5,TAPC,2,5.5,40,,,,,,,,,40,2.87,7,2.56,5.99,2.74,20,FIrpic,3,5.7,2.7,8,2.75,40,,,,,TmPyPB,2.73,6.68,40,Liq,2.8,2.5,Al,100,5.54,15.9,11.7,28.00
Design principles of carbazole/dibenzothiophene derivatives as host material in modern efficient organic light-emitting diodes,ITO,MoO3,2.3,5.3,3.5,TAPC,2,5.5,40,,,,,,,,,40,2.87,2,2.76,6.2,2.74,20,FIrpic,3,5.7,2.7,8,2.75,40,,,,,TmPyPB,2.73,6.68,40,Liq,2.8,2.5,Al,100,5.47,11.3,8.7,19.70
Design principles of carbazole/dibenzothiophene derivatives as host material in modern efficient organic light-emitting diodes,ITO,MoO3,2.3,5.3,3.5,TAPC,2,5.5,40,,,,,,,,,40,2.87,4,2.53,5.94,2.75,20,FIrpic,3,5.7,2.7,8,2.75,40,,,,,TmPyPB,2.73,6.68,40,Liq,2.8,2.5,Al,100,5.32,21.6,15.6,36.50
Design principles of carbazole/dibenzothiophene derivatives as host material in modern efficient organic light-emitting diodes,ITO,MoO3,2.3,5.3,3.5,TAPC,2,5.5,40,,,,,,,,,40,2.87,3,2.61,6.01,2.75,20,FIrpic,3,5.7,2.7,8,2.75,40,,,,,TmPyPB,2.73,6.68,40,Liq,2.8,2.5,Al,100,5.77,19.6,15.9,35.90
Design principles of carbazole/dibenzothiophene derivatives as host material in modern efficient organic light-emitting diodes,ITO,MoO3,2.3,5.3,3.5,TAPC,2,5.5,40,,,,,,,,,40,2.87,5,2.57,5.98,2.79,20,FIrpic,3,5.7,2.7,8,2.75,40,,,,,TmPyPB,2.73,6.68,40,Liq,2.8,2.5,Al,100,6.13,15.9,14.3,30.90
Design principles of carbazole/dibenzothiophene derivatives as host material in modern efficient organic light-emitting diodes,ITO,MoO3,2.3,5.3,3.5,TAPC,2,5.5,40,,,,,,,,,40,2.87,1,2.64,6.05,2.85,20,FIrpic,3,5.7,2.7,8,2.75,40,,,,,TmPyPB,2.73,6.68,40,Liq,2.8,2.5,Al,100,5.17,15.1,11,24.80
Direct silicon–nitrogen bonded host materials with enhanced r–p conjugation for blue phosphorescent organic light-emitting diodes,ITO,PEDOT:PSS,3.3,5.2,30,TAPC,2,5.5,20,mCP,2.4,5.9,8,,,,,28,3,BuCzSi,1.96,5.56,3,20,FIrpic,3,5.7,2.7,15,2.75,35,,,,,TmPyPB,2.73,6.68,35,LiF,3.5,1,Al,100,6.5,5.6,11,19.90
Direct silicon–nitrogen bonded host materials with enhanced r–p conjugation for blue phosphorescent organic light-emitting diodes,ITO,PEDOT:PSS,3.3,5.2,30,TAPC,2,5.5,20,mCP,2.4,5.9,8,,,,,28,3,DBuCzSi,2.08,5.71,3,20,FIrpic,3,5.7,2.7,15,2.75,35,,,,,TmPyPB,2.73,6.68,35,LiF,3.5,1,Al,100,6.5,2.9,5.7,10.40
Direct silicon–nitrogen bonded host materials with enhanced r–p conjugation for blue phosphorescent organic light-emitting diodes,ITO,PEDOT:PSS,3.3,5.2,30,TAPC,2,5.5,20,mCP,2.4,5.9,8,,,,,28,3,CZSi,1.94,5.63,3.02,20,FIrpic,3,5.7,2.7,15,2.75,35,,,,,TmPyPB,2.73,6.68,35,LiF,3.5,1,Al,100,4.6,6.1,10.9,19.30
Direct silicon–nitrogen bonded host materials with enhanced r–p conjugation for blue phosphorescent organic light-emitting diodes,ITO,PEDOT:PSS,3.3,5.2,30,TAPC,2,5.5,20,mCP,2.4,5.9,8,,,,,28,3,DCzSi,2.08,5.76,3.02,20,FIrpic,3,5.7,2.7,15,2.75,35,,,,,TmPyPB,2.73,6.68,35,LiF,3.5,1,Al,100,3.4,13.5,17.6,30.80
Efficient hole-transporter for phosphorescent organic light emitting diodes with a simple molecular structure,ITO,MoO3,2.3,5.3,1,SQTPA,2.5,5.5,40,mCP,2.4,5.9,5,,,,,45,3,SPPO1,2.7,6.5,2.8,30,FIrpic,3,5.7,2.7,10,2.8,30,,,,,SPPO1,2.7,6.5,30,LiF,3.5,1,Al,100,3.6,14.6,12.3,29.40
Efficient hole-transporter for phosphorescent organic light emitting diodes with a simple molecular structure,ITO,MoO3,2.3,5.3,1,NPB,2.5,5.2,40,mCP,2.4,5.9,5,,,,,45,3,SPPO1,2.7,6.5,2.8,30,FIrpic,3,5.7,2.7,10,2.8,30,,,,,SPPO1,2.7,6.5,30,LiF,3.5,1,Al,100,3.8,12.1,11.6,27.70
External Quantum Efficiency Above 20% in Deep Blue Phosphorescent Organic Light-Emitting Diodes,ITO,DNTPD,2.1,5.2,60,NPB,2.5,5.2,20,mCP,2.4,5.9,10,,,,,30,3,mCPPO1,2.64,6.13,3,30,FCNIrpic,2.98,5.72,2.74,3,3.36,20,,,,,TSPO1,2.5,6.8,20,LiF,3.5,1,Al,200,3,10.9,19.7,26.99
External Quantum Efficiency Above 20% in Deep Blue Phosphorescent Organic Light-Emitting Diodes,ITO,PEDOT:PSS,3.3,5.2,60,NPB,2.5,5.2,20,mCP,2.4,5.9,10,,,,,30,3,mCPPO1,2.64,6.13,3,30,FCNIrpic,2.98,5.72,2.74,3,3.36,20,,,,,TSPO1,2.5,6.8,20,LiF,3.5,1,Al,200,3,15.1,23.1,33.08
Fabrication and Efficiency Improvement of Soluble Blue Phosphorescent Organic Light-Emitting Diodes Using a Multilayer Structure Based on an Alcohol-Soluble Blue Phosphorescent Emitting Layer,ITO,PEDOT:PSS,3.3,5.2,60,PVK,2.2,5.8,10,,,,,,,,,10,2.58,SPPO13,2.91,6.56,2.35,33,FIrpic,3,5.7,2.7,10,2.7,30,,,,,SPPO13,2.91,6.56,30,LiF,3.5,1,Al,100,4.5,9.52,7.4,15.20
Fabrication and Efficiency Improvement of Soluble Blue Phosphorescent Organic Light-Emitting Diodes Using a Multilayer Structure Based on an Alcohol-Soluble Blue Phosphorescent Emitting Layer,ITO,PEDOT:PSS,3.3,5.2,60,,,,,,,,,,,,,0,0,PVK,2.2,5.8,2.58,10,FIrpic,3,5.7,2.7,10,2.7,60,SPPO13:Firpic,2.91,6.56,30,SPPO13,2.91,6.56,30,LiF,3.5,1,Al,100,3.7,16.38,1,24.00
Fabrication and Efficiency Improvement of Soluble Blue Phosphorescent Organic Light-Emitting Diodes Using a Multilayer Structure Based on an Alcohol-Soluble Blue Phosphorescent Emitting Layer,ITO,PEDOT:PSS,3.3,5.2,60,,,,,,,,,,,,,0,0,PVK,2.2,5.8,2.58,10,FIrpic,3,5.7,2.7,10,2.7,30,,,,,SPPO13:Firpic,2.91,6.56,30,LiF,3.5,1,Al,100,3.5,12.71,10.7,19.30
High triplet energy exciplex host for deep blue phosphorescent organic light-emitting diodes,ITO,PEDOT:PSS,3.3,5.2,40,TAPC,2,5.5,20,mCP,2.4,5.9,10,,,,,30,3,TCTA:DBFTrz,2.4,5.7,2.83,25,FCNIr,3,5.8,2.9,5,3.36,25,TSPO1,2.5,6.8,5,TPBi,2.8,6.2,20,LiF,3.5,1.5,Al,200,4,12,7.2,17.70
High triplet energy exciplex host for deep blue phosphorescent organic light-emitting diodes,ITO,PEDOT:PSS,3.3,5.2,40,TAPC,2,5.5,20,mCP,2.4,5.9,10,,,,,30,3,t-DCPDA:DBFTrz,2.4,5.7,2.94,25,FCNIr,3,5.8,2.9,5,3.36,25,TSPO1,2.5,6.8,5,TPBi,2.8,6.2,20,LiF,3.5,1.5,Al,200,4,15,14.7,22.40
High triplet energy exciplex host for deep blue phosphorescent organic light-emitting diodes,ITO,PEDOT:PSS,3.3,5.2,40,TAPC,2,5.5,20,mCP,2.4,5.9,10,,,,,30,3,DCDPA:DBFTrz,2.3,5.8,2.95,25,FCNIr,3,5.8,2.9,5,3.36,25,TSPO1,2.5,6.8,5,TPBi,2.8,6.2,20,LiF,3.5,1.5,Al,200,4,13,13.9,20.40
High triplet energy exciplex host for deep blue phosphorescent organic light-emitting diodes,ITO,PEDOT:PSS,3.3,5.2,40,TAPC,2,5.5,20,mCP,2.4,5.9,10,,,,,30,3,TCTA,2.4,5.7,2.82,25,FCNIr,3,5.8,2.9,5,3.36,25,TSPO1,2.5,6.8,5,TPBi,2.8,6.2,20,LiF,3.5,1.5,Al,200,4,5,4.8,8.50
High triplet energy exciplex host for deep blue phosphorescent organic light-emitting diodes,ITO,PEDOT:PSS,3.3,5.2,40,TAPC,2,5.5,20,mCP,2.4,5.9,10,,,,,30,3,DBFTrz,3.1,6.7,3.07,25,FCNIr,3,5.8,2.9,5,3.36,25,TSPO1,2.5,6.8,5,TPBi,2.8,6.2,20,LiF,3.5,1.5,Al,200,4,12,12.2,18.60
High triplet energy exciplex host for deep blue phosphorescent organic light-emitting diodes,ITO,PEDOT:PSS,3.3,5.2,40,TAPC,2,5.5,20,mCP,2.4,5.9,10,,,,,30,3,DCDPA,2.3,5.9,3.15,25,FCNIr,3,5.8,2.9,5,3.36,25,TSPO1,2.5,6.8,5,TPBi,2.8,6.2,20,LiF,3.5,1.5,Al,200,4,10,9.8,13.60
High-efficiency and superior color-stability white phosphorescent organic light-emitting diodes based on double mixed-host emission layers,ITO,MoO3,2.3,5.3,2,TCTA,2.4,5.7,50,,,,,,,,,50,2.82,TPBi,2.8,6.2,2.6,30,FIrpic,3,5.7,2.7,10,2.6,30,,,,,TPBi,2.8,6.2,30,Liq,2.8,1,Al,100,3.82,2.26,5,3.78
High-efficiency and superior color-stability white phosphorescent organic light-emitting diodes based on double mixed-host emission layers,ITO,MoO3,2.3,5.3,2,TCTA,2.4,5.7,50,,,,,,,,,50,2.82,TCTA:TPBi,2.4,6.2,2.98,30,FIrpic,3,5.7,2.7,10,2.6,30,,,,,TPBi,2.8,6.2,30,Liq,2.8,1,Al,100,2.83,9.79,8,18.42
High-efficiency and superior color-stability white phosphorescent organic light-emitting diodes based on double mixed-host emission layers,ITO,MoO3,2.3,5.3,2,TCTA,2.4,5.7,50,,,,,,,,,50,2.82,TCTA,2.4,5.7,2.82,30,FIrpic,3,5.7,2.7,10,2.6,30,,,,,TPBi,2.8,6.2,30,Liq,2.8,1,Al,100,3.45,1.13,3,5.47
High-efficiency and superior color-stability white phosphorescent organic light-emitting diodes based on double mixed-host emission layers,ITO,MoO3,2.3,5.3,2,TCTA,2.4,5.7,50,,,,,,,,,50,2.82,TCTA:TPBi,2.4,6.2,2.98,30,FIrpic,3,5.7,2.7,10,2.6,30,,,,,TPBi,2.8,6.2,30,Liq,2.8,1,Al,100,2.86,8.13,10,16.01
High-Efficiency Blue Phosphorescence Organic Light-Emitting Diode with Ambipolar Carbazole-Triazole Host,ITO,,,,,NPB,2.5,5.2,50,mCP,2.4,5.9,10,,,,,60,2.9,CbzTAZ,2.3,5.9,3.1,40,FIrpic,3,5.7,2.7,6,2.7,45,,,,,TAZ,2.7,6.3,45,LiF,3.5,1.2,Al,100,3.5,18.6,19.8,40.90
High-Efficiency Blue Phosphorescence Organic Light-Emitting Diode with Ambipolar Carbazole-Triazole Host,ITO,,,,,NPB,2.5,5.2,50,mCP,2.4,5.9,10,,,,,60,2.9,CbzTAZ,2.3,5.9,3.1,40,FIrpic,3,5.7,2.7,9,2.7,45,,,,,TAZ,2.7,6.3,45,LiF,3.5,1.2,Al,100,3.5,19.9,20.7,43.50
High-Efficiency Blue Phosphorescence Organic Light-Emitting Diode with Ambipolar Carbazole-Triazole Host,ITO,,,,,NPB,2.5,5.2,50,mCP,2.4,5.9,10,,,,,60,2.9,CbzTAZ,2.3,5.9,3.1,40,FIrpic,3,5.7,2.7,12,2.7,45,,,,,TAZ,2.7,6.3,45,LiF,3.5,1.2,Al,100,3.5,18,18.9,40.10
High-Efficiency Blue Phosphorescence Organic Light-Emitting Diode with Ambipolar Carbazole-Triazole Host,ITO,,,,,NPB,2.5,5.2,50,mCP,2.4,5.9,10,,,,,60,2.9,TAZ,2.7,6.3,2.7,40,FIrpic,3,5.7,2.7,9,2.7,45,,,,,TAZ,2.7,6.3,45,LiF,3.5,1.2,Al,100,4,7.7,9.6,22.40
High-Efficiency Blue Phosphorescence Organic Light-Emitting Diode with Ambipolar Carbazole-Triazole Host,ITO,,,,,NPB,2.5,5.2,50,mCP,2.4,5.9,10,,,,,60,2.9,CbzTAZ,2.3,5.9,3.1,40,FIrpic,3,5.7,2.7,9,2.7,47,,,,,TAZ,2.7,6.3,47,LiF,3.5,1.2,Al,100,3,20,20.9,44.50
High-Efficiency Blue Phosphorescence Organic Light-Emitting Diode with Ambipolar Carbazole-Triazole Host,ITO,,,,,NPB,2.5,5.2,50,mCP,2.4,5.9,10,,,,,60,2.9,CbzTAZ,2.3,5.9,3.1,40,FIrpic,3,5.7,2.7,9,2.7,50,,,,,TAZ,2.7,6.3,50,LiF,3.5,1.2,Al,100,3,18.3,20.6,43.00
High-triplet-energy derivatives of indole and carbazole as hosts for blue phosphorescent organic light-emitting diodes,ITO,MoO3,2.3,5.3,3,NPB,2.5,5.2,50,,,,,,,,,50,2.3,5,2.18,5.68,2.7,15,FIrpic,3,5.7,2.7,15,2.6,25,,,,,TPBi,2.8,6.2,25,Ca,2.9,15,Al,120,2.4,4,2,8.00
High-triplet-energy derivatives of indole and carbazole as hosts for blue phosphorescent organic light-emitting diodes,ITO,MoO3,2.3,5.3,3,m-MTDATA,1.9,5.1,50,,,,,,,,,50,2.67,5,2.18,5.68,2.7,15,FIrpic,3,5.7,2.7,15,2.6,28,TPBi,2.8,6.2,25,BCP,3.5,7,3,Ca,2.9,15,Al,120,3.7,6,5,11.00
High-triplet-energy derivatives of indole and carbazole as hosts for blue phosphorescent organic light-emitting diodes,ITO,MoO3,2.3,5.3,3,NPB,2.5,5.2,50,,,,,,,,,50,2.3,6,2.2,5.7,3.06,15,FIrpic,3,5.7,2.7,15,2.6,25,,,,,TPBi,2.8,6.2,25,Ca,2.9,15,Al,120,2.7,4,3,9.00
High-triplet-energy derivatives of indole and carbazole as hosts for blue phosphorescent organic light-emitting diodes,ITO,MoO3,2.3,5.3,3,m-MTDATA,1.9,5.1,50,,,,,,,,,50,2.67,6,2.2,5.7,3.06,15,FIrpic,3,5.7,2.7,15,2.6,28,TPBi,2.8,6.2,25,BCP,3.5,7,3,Ca,2.9,15,Al,120,3,3,2,7.00
High-triplet-energy derivatives of indole and carbazole as hosts for blue phosphorescent organic light-emitting diodes,ITO,MoO3,2.3,5.3,3,m-MTDATA,1.9,5.1,50,,,,,,,,,50,2.67,3,2.21,5.72,3.06,15,FIrpic,3,5.7,2.7,15,2.6,28,TPBi,2.8,6.2,25,BCP,3.5,7,3,Ca,2.9,15,Al,120,3.5,1,1,2.00
Isomeric N-Linked Benzoimidazole Containing New Electron Acceptors for Exciplex Forming Hosts in Highly Efficient Blue Phosphorescent OLEDs,ITO,MoO3,2.3,5.3,8,TAPC,2,5.5,40,mCP,2.4,5.9,5,,,,,45,3,mCP:TPBI,2.8,6.2,2.6,10,FIrpic,3,5.7,2.7,8,2.6,45,TPBi,2.8,6.2,5,TmPyPB,2.73,6.68,40,LiF,3.5,1,Al,120,3.1,26.4,13.4,21.00
Isomeric N-Linked Benzoimidazole Containing New Electron Acceptors for Exciplex Forming Hosts in Highly Efficient Blue Phosphorescent OLEDs,ITO,MoO3,2.3,5.3,8,TAPC,2,5.5,40,mCP,2.4,5.9,5,,,,,45,3,mCP:iTPyBIPy,2.55,6.02,2.63,10,FIrpic,3,5.7,2.7,8,2.75,45,iTPyBIPy,2.55,6.02,5,TmPyPB,2.73,6.68,40,LiF,3.5,1,Al,120,3.2,25.5,13.5,9.80
Isomeric N-Linked Benzoimidazole Containing New Electron Acceptors for Exciplex Forming Hosts in Highly Efficient Blue Phosphorescent OLEDs,ITO,MoO3,2.3,5.3,8,TAPC,2,5.5,40,mCP,2.4,5.9,5,,,,,45,3,mCP:iTPBIPy,2.55,6,2.64,10,FIrpic,3,5.7,2.7,8,2.75,45,iTPBIPy,2.55,6,5,TmPyPB,2.73,6.68,40,LiF,3.5,1,Al,120,3.2,36.9,19.3,28.00
Isomeric N-Linked Benzoimidazole Containing New Electron Acceptors for Exciplex Forming Hosts in Highly Efficient Blue Phosphorescent OLEDs,ITO,MoO3,2.3,5.3,8,TAPC,2,5.5,40,mCP,2.4,5.9,5,,,,,45,3,mCP:iTPyBIB,2.48,5.97,2.68,10,FIrpic,3,5.7,2.7,8,2.75,45,iTPyBIB,2.48,5.97,5,TmPyPB,2.73,6.68,40,LiF,3.5,1,Al,120,3.3,14.2,11.5,19.80
Linkage engineering in hosts for dramatic efficiency enhancement of blue phosphorescent organic light-emitting diodes,ITO,MoO3,6.7,9.7,6,TAPC,2,5.5,70,,,,,,,,,70,2.87,FDPCz2,2.46,6.07,2.97,20,FIrpic,3,5.7,2.7,10,2.75,40,,,,,TmPyPB,2.73,6.68,40,LiF,3.5,1,Al,100,3.5,25.74,17,36.00
Linkage engineering in hosts for dramatic efficiency enhancement of blue phosphorescent organic light-emitting diodes,ITO,MoO3,6.7,9.7,6,TAPC,2,5.5,70,,,,,,,,,70,2.87,FPCz2,2.33,6.07,2.97,20,FIrpic,3,5.7,2.7,10,2.75,40,,,,,TmPyPB,2.73,6.68,40,LiF,3.5,1,Al,100,3.5,19.5,15,28.00
Linkage engineering in hosts for dramatic efficiency enhancement of blue phosphorescent organic light-emitting diodes,ITO,MoO3,6.7,9.7,6,TAPC,2,5.5,70,,,,,,,,,70,2.87,mCP,2.4,5.9,3,20,FIrpic,3,5.7,2.7,10,2.75,40,,,,,TmPyPB,2.73,6.68,40,LiF,3.5,1,Al,100,3.6,16.38,13,24.00
Manipulating the LUMO distribution of quinoxaline-containing architectures to design electron transport materials: Efficient blue phosphorescent organic light-emitting diodes,ITO,MoO3,2.3,5.3,10,TAPC,2,5.6,70,,,,,,,,,70,2.87,mCP,2.4,5.9,3,20,FIrpic,3,5.7,2.7,8,2.75,45,,,,,TmPyPB,2.73,6.68,45,LiF,3.5,1,Al,100,3.6,10.2,11.9,26.30
Manipulating the LUMO distribution of quinoxaline-containing architectures to design electron transport materials: Efficient blue phosphorescent organic light-emitting diodes,ITO,MoO3,2.3,5.3,10,TAPC,2,5.6,70,,,,,,,,,70,2.87,mCP,2.4,5.9,3,20,FIrpic,3,5.7,2.7,8,2.75,50,TmPyPB,2.73,6.68,5,Tm3PyQ,2.88,6.01,45,LiF,3.5,1,Al,100,3.8,9.1,8.6,21.80
Manipulating the LUMO distribution of quinoxaline-containing architectures to design electron transport materials: Efficient blue phosphorescent organic light-emitting diodes,ITO,MoO3,2.3,5.3,10,TAPC,2,5.6,70,,,,,,,,,70,2.87,mCP,2.4,5.9,3,20,FIrpic,3,5.7,2.7,8,2.75,50,TmPyPB,2.73,6.68,5,Tm4PyQ,2.88,6.02,45,LiF,3.5,1,Al,100,3.6,9.3,8,20.80
Manipulating the LUMO distribution of quinoxaline-containing architectures to design electron transport materials: Efficient blue phosphorescent organic light-emitting diodes,ITO,MoO3,2.3,5.3,10,TAPC,2,5.6,70,,,,,,,,,70,2.87,mCP,2.4,5.9,3,20,FIrpic,3,5.7,2.7,8,2.74,45,,,,,3PyDQB,2.73,6.12,45,LiF,3.5,1,Al,100,4.5,9.7,12.6,27.60
Manipulating the LUMO distribution of quinoxaline-containing architectures to design electron transport materials: Efficient blue phosphorescent organic light-emitting diodes,ITO,MoO3,2.3,5.3,10,TAPC,2,5.6,70,,,,,,,,,70,2.87,mCP,2.4,5.9,3,20,FIrpic,3,5.7,2.7,8,2.69,45,,,,,4PyDQB,2.75,6.13,45,LiF,3.5,1,Al,100,5.3,7.1,11.5,25.30
Manipulation of electron deficiency of d-carboline derivatives as bipolar hosts for blue phosphorescent organic light-emitting diodes with high efficiency at 1000 cd m-2,ITO,MoO3,2.3,5.3,5,NPB,2.5,5.2,25,mCP,2.4,5.9,10,,,,,35,3,CzBPDCb,2.46,5.7,2.94,20,FIrpic,3,5.7,2.7,9,2.75,40,,,,,TmPyPB,2.73,6.68,40,LiF,3.5,1,Al,80,3.2,29.1,19.7,41.70
Manipulation of electron deficiency of d-carboline derivatives as bipolar hosts for blue phosphorescent organic light-emitting diodes with high efficiency at 1000 cd m-2,ITO,MoO3,2.3,5.3,5,NPB,2.5,5.2,25,mCP,2.4,5.9,10,,,,,35,3,BDCbBP,2.67,5.92,2.93,20,FIrpic,3,5.7,2.7,9,2.75,40,,,,,TmPyPB,2.73,6.68,40,LiF,3.5,1,Al,80,3.3,28,19.3,40.80
Manipulation of electron deficiency of d-carboline derivatives as bipolar hosts for blue phosphorescent organic light-emitting diodes with high efficiency at 1000 cd m-2,ITO,MoO3,2.3,5.3,5,NPB,2.5,5.2,25,mCP,2.4,5.9,10,,,,,35,3,Cz35PyDCb,2.39,5.72,2.96,20,FIrpic,3,5.7,2.7,9,2.75,40,,,,,TmPyPB,2.73,6.68,40,LiF,3.5,1,Al,80,3.1,31.7,20.1,42.60
Manipulation of electron deficiency of d-carboline derivatives as bipolar hosts for blue phosphorescent organic light-emitting diodes with high efficiency at 1000 cd m-2,ITO,MoO3,2.3,5.3,5,NPB,2.5,5.2,25,mCP,2.4,5.9,10,,,,,35,3,Cz26PyDCb,2.45,5.73,2.78,20,FIrpic,3,5.7,2.7,9,2.75,40,,,,,TmPyPB,2.73,6.68,40,LiF,3.5,1,Al,80,3.4,23,16.5,34.90
Manipulation of Thermally Activated Delayed Fluorescence of Blue Exciplex Emission: Fully Utilizing Exciton Energy for Highly Efficient Organic Light Emitting Diodes with Low Roll-Of,ITO,HAT-CN,5.7,9.5,10,NPB,2.5,5.2,10,TCTA,2.4,5.7,5,TCTA:BTDCb-PCz,2.39,5.75,5,20,2.82,BTDCb-PCz,2.39,5.75,2.96,20,FIrpic,3,5.7,2.7,8,2.75,50,,,,,TmPyPB,2.73,6.68,50,Liq,2.8,1,Al,120,2.7,33.9,18.6,45.40
Manipulation of Thermally Activated Delayed Fluorescence of Blue Exciplex Emission: Fully Utilizing Exciton Energy for Highly Efficient Organic Light Emitting Diodes with Low Roll-Of,ITO,HAT-CN,5.7,9.5,10,NPB,2.5,5.2,10,TCTA,2.4,5.7,5,TCTA:BTCz-PCz,2.49,5.69,5,20,2.82,BTCz-PCz,2.49,5.69,2.91,20,FIrpic,3,5.7,2.7,8,2.75,50,,,,,TmPyPB,2.73,6.68,50,Liq,2.8,1,Al,120,2.9,23.6,16.6,33.00
Manipulation of Thermally Activated Delayed Fluorescence of Blue Exciplex Emission: Fully Utilizing Exciton Energy for Highly Efficient Organic Light Emitting Diodes with Low Roll-Of,ITO,HAT-CN,5.7,9.5,10,NPB,2.5,5.2,10,TCTA,2.4,5.7,5,TCTA:DCb-PCz,2.46,5.71,5,20,2.82,DCb-PCz,2.46,5.71,2.94,20,FIrpic,3,5.7,2.7,8,2.75,50,,,,,TmPyPB,2.73,6.68,50,Liq,2.8,1,Al,120,2.8,31.6,22.8,42.90
Manipulation of Thermally Activated Delayed Fluorescence of Blue Exciplex Emission: Fully Utilizing Exciton Energy for Highly Efficient Organic Light Emitting Diodes with Low Roll-Of,ITO,HAT-CN,5.7,9.5,10,NPB,2.5,5.2,10,TCTA,2.4,5.7,5,TCTA:CzBPDCb,2.46,5.7,5,20,2.82,CzBPDCb,2.46,5.7,2.94,20,FIrpic,3,5.7,2.7,8,2.75,50,,,,,TmPyPB,2.73,6.68,50,Liq,2.8,1,Al,120,3.2,29.1,19.7,41.70
"Modified N,N′-Dicarbazolyl-3,5-benzene as a High Triplet Energy Host Material for Deep-Blue Phosphorescent Organic Light-Emitting Diodes",ITO,DNTPD,2.1,5.2,60,NPB,2.5,5.2,10,mCP,2.4,5.9,10,,,,,20,3,DCPPO,2.56,6.13,2.99,30,FCNIrpic,2.98,5.72,2.74,10,3.36,15,,,,,TSPO1,2.5,6.8,15,LiF,3.5,1,Al,200,2.9,14.98,18.4,22.20
Molecular design of host materials for high power efficiency in blue phosphorescent organic light-emitting diodes doped with an imidazole ligand based triplet emitter,ITO,PEDOT:PSS,3.3,5.2,60,TAPC,2,5.5,30,,,,,,,,,30,2.87,mCBP-2CN,2.4,6.1,2.8,25,Ir(dbi)3,2.21,4.95,2.7,10,3.36,35,TSPO1,2.5,6.8,5,TPBi,2.8,6.2,30,LiF,3.5,1,Al,200,2.7,39,21.3,46.60
Molecular design of host materials for high power efficiency in blue phosphorescent organic light-emitting diodes doped with an imidazole ligand based triplet emitter,ITO,PEDOT:PSS,3.3,5.2,60,TAPC,2,5.5,30,,,,,,,,,30,2.87,mCBP-CN,2.95,6.06,2.79,25,Ir(dbi)3,2.21,4.95,2.7,10,3.36,35,TSPO1,2.5,6.8,5,TPBi,2.8,6.2,30,LiF,3.5,1,Al,200,2.8,37.4,23.5,47.77
Molecular design of host materials for high power efficiency in blue phosphorescent organic light-emitting diodes doped with an imidazole ligand based triplet emitter,ITO,PEDOT:PSS,3.3,5.2,60,TAPC,2,5.5,30,,,,,,,,,30,2.87,mCBP,2.4,6.1,2.8,25,Ir(dbi)3,2.21,4.95,2.7,10,3.36,35,TSPO1,2.5,6.8,5,TPBi,2.8,6.2,30,LiF,3.5,1,Al,200,3.3,22.5,21.8,36.52
Molecular design of large-bandgap host materials and their application to blue phosphorescent organic light-emitting diodes,ITO,,,,,TAPC,2,5.6,75,,,,,,,,,75,2.87,mP2CZCB,3,5.7,2.93,25,FIrpic,3,5.7,2.7,3,2.75,40,,,,,TmPyPB,2.73,6.68,40,LiF,3.5,1.5,Al,100,3,39.2,25.3,51.80
Molecular design of large-bandgap host materials and their application to blue phosphorescent organic light-emitting diodes,ITO,,,,,TAPC,2,5.6,75,,,,,,,,,75,2.87,mP2CZCB,3,5.7,2.93,15,FIrpic,3,5.7,2.7,3,2.75,40,,,,,TmPyPB,2.73,6.68,40,LiF,3.5,1.5,Al,100,3,30.5,19.8,36.20
Multiscale Micro-Nano Nested Structures: Engineered Surface Morphology for Efficient Light Escaping in Organic Light-Emitting Diodes,ITO,PEDOT:PSS,3.3,5.2,60,TAPC,2,5.5,45,,,,,,,,,45,2.87,mCP,2.4,5.9,3,20,FIrpic,3,5.7,2.7,8,2.75,35,,,,,TmPyPB,2.73,6.68,35,LiF,3.5,0.5,Al,100,,26.05,15.8,36.40
New carbazole-based bipolar hosts for efficient blue phosphorescent organic light emitting diodes,ITO,HAT-CN,5.7,9.5,10,TAPC,2,5.5,40,TCTA,2.4,5.7,10,,,,,50,2.82,2CzPy,1.98,5.54,2.77,20,FIrpic,3,5.7,2.7,15,2.75,45,,,,,TmPyPB,2.73,6.68,45,Liq,2.8,2,Al,120,3.83,26.1,17.1,39.00
New carbazole-based bipolar hosts for efficient blue phosphorescent organic light emitting diodes,ITO,HAT-CN,5.7,9.5,10,TAPC,2,5.5,40,TCTA,2.4,5.7,10,,,,,50,2.82,2TCzPy,1.97,5.43,2.75,20,FIrpic,3,5.7,2.7,15,2.75,45,,,,,TmPyPB,2.73,6.68,45,Liq,2.8,2,Al,120,4.14,20.2,14.2,32.20
New carbazole-based bipolar hosts for efficient blue phosphorescent organic light emitting diodes,ITO,HAT-CN,5.7,9.5,10,TAPC,2,5.5,40,TCTA,2.4,5.7,10,,,,,50,2.82,2BFCzPy,2.02,5.45,2.74,20,FIrpic,3,5.7,2.7,15,2.75,45,,,,,TmPyPB,2.73,6.68,45,Liq,2.8,2,Al,120,3.68,27.1,16.5,38.40
New carbazole-based bipolar hosts for efficient blue phosphorescent organic light emitting diodes,ITO,HAT-CN,5.7,9.5,10,TAPC,2,5.5,40,TCTA,2.4,5.7,10,,,,,50,2.82,2PBCzPy,1.88,5.29,2.72,20,FIrpic,3,5.7,2.7,15,2.75,45,,,,,TmPyPB,2.73,6.68,45,Liq,2.8,2,Al,120,3.38,24.6,13.6,32.60
New carbazole-based bipolar hosts for efficient blue phosphorescent organic light emitting diodes,ITO,HAT-CN,5.7,9.5,10,TAPC,2,5.5,40,TCTA,2.4,5.7,10,,,,,50,2.82,mCP,2.4,5.9,3,20,FIrpic,3,5.7,2.7,15,2.75,45,,,,,TmPyPB,2.73,6.68,45,Liq,2.8,2,Al,120,3.76,25.5,17.7,36.10
Novel Design of Iridium Phosphors with Pyridinylphosphinate Ligands for High-Efficiency Blue Organic Light-emitting Diodes,ITO,MoO3,2.3,5.3,3,TAPC,2,5.5,50,,,,,,,,,50,2.87,26DCzPPy,2.6,6.1,2.71,15,FIrpic,3,5.7,2.7,10,2.75,50,,,,,TmPyPB,2.73,6.68,50,LiF,3.5,1,Al,100,3.2,22.41,6.18,9.95
Novel spiro-based host materials for application in blue and white phosphorescent organic light-emitting diodes,ITO,HAT-CN,5.7,9.5,10,TAPC,2,5.8,40,,,,,,,,,40,2.87,SF3Cz2,2.02,5.56,2.84,20,FIrpic,3,5.7,2.7,5,2.75,45,,,,,TmPyPB,2.73,6.68,45,Liq,2.8,2,Al,120,3.6,33.6,18,40.80
Novel spiro-based host materials for application in blue and white phosphorescent organic light-emitting diodes,ITO,HAT-CN,5.7,9.5,10,TAPC,2,5.5,40,,,,,,,,,40,2.87,SF3Cz1,2.02,5.56,2.84,20,FIrpic,3,5.7,2.7,5,2.75,45,,,,,TmPyPB,2.73,6.68,45,Liq,2.8,2,Al,120,3.6,24.8,16.2,36.60
Orthogonal Molecular Structure for Better Host Material in Blue Phosphorescence and Larger OLED White Lighting Panel,ITO,HAT-CN,5.7,9.5,10,TAPC,2,5.5,45,,,,,,,,,45,2.87,POSTF,2.12,5.57,2.8,20,FIrpic,3,5.7,2.7,15,2.75,40,,,,,TmPyPB,2.73,6.68,40,Liq,2.8,2,Al,100,4.1,39.5,25.6,51.90
Orthogonally substituted aryl derivatives as bipolar hosts for blue phosphorescent organic light-emitting diodes,ITO,HAT-CN,5.7,9.5,10,TAPC,2,5.5,40,TCTA,2.4,5.7,10,,,,,50,2.82,2BFCzPm,2.02,5.46,2.97,20,FIrpic,3,5.7,2.7,15,2.75,45,,,,,TmPyPB,2.73,6.68,45,Liq,2.8,2,Al,120,3.32,29.8,18.9,37.30
Orthogonally substituted aryl derivatives as bipolar hosts for blue phosphorescent organic light-emitting diodes,ITO,HAT-CN,5.7,9.5,10,TAPC,2,5.5,40,TCTA,2.4,5.7,10,,,,,50,2.82,2BFCzTrz,2.06,5.51,2.99,20,FIrpic,3,5.7,2.7,15,2.75,45,,,,,TmPyPB,2.73,6.68,45,Liq,2.8,2,Al,120,4.22,26.6,17.4,41.40
Orthogonally substituted aryl derivatives as bipolar hosts for blue phosphorescent organic light-emitting diodes,ITO,HAT-CN,5.7,9.5,10,TAPC,2,5.5,40,TCTA,2.4,5.7,10,,,,,50,2.82,2TCzPm,1.96,5.4,3,20,FIrpic,3,5.7,2.7,15,2.75,45,,,,,TmPyPB,2.73,6.68,45,Liq,2.8,2,Al,120,3.95,16.8,11,25.30
Orthogonally substituted aryl derivatives as bipolar hosts for blue phosphorescent organic light-emitting diodes,ITO,HAT-CN,5.7,9.5,10,TAPC,2,5.5,40,TCTA,2.4,5.7,10,,,,,50,2.82,2CzPm,2.01,5.54,3,20,FIrpic,3,5.7,2.7,15,2.75,45,,,,,TmPyPB,2.73,6.68,45,Liq,2.8,2,Al,120,3.59,17.1,11.9,25.90
Orthogonally Substituted Benzimidazole-Carbazole Benzene As Universal Hosts for Phosphorescent Organic Light-Emitting Diodes,ITO,,,,,TAPC,2,5.6,50,mCP,2.4,5.9,10,,,,,60,3,o-DiCbzBz,2.3,5.8,3.1,30,FIrpic,3,5.7,2.7,6,2.7,45,,,,,DPPS,2.5,6.5,45,LiF,3.5,0.9,Al,120,3.5,26.4,21.3,47.30
Orthogonally Substituted Benzimidazole-Carbazole Benzene As Universal Hosts for Phosphorescent Organic Light-Emitting Diodes,ITO,,,,,TAPC,2,5.6,50,mCP,2.4,5.9,10,,,,,60,3,o-CbzBz,2.4,5.9,2.9,30,FIrpic,3,5.7,2.7,12,2.7,45,,,,,DPPS,2.5,6.5,45,LiF,3.5,0.9,Al,120,3.7,30,26,55.40
Pure aromatic hydrocarbons with rigid and bulky substitutions as bipolar hosts for blue phosphorescent OLEDs,ITO,,,,,NPB,2.5,5.2,40,mCP,2.4,5.9,15,,,,,55,2.9,mDPFB,2.3,6.22,2.92,25,FIrpic,3,5.7,2.7,8,2.6,40,,,,,BCP,3.5,7,40,LiF,3.5,1,Al,100,4.3,5.85,3,10.50
Pure aromatic hydrocarbons with rigid and bulky substitutions as bipolar hosts for blue phosphorescent OLEDs,ITO,,,,,NPB,2.5,5.2,40,mCP,2.4,5.9,15,,,,,55,2.9,pDPFB,2.21,6.13,2.95,25,FIrpic,3,5.7,2.7,8,2.6,40,,,,,BCP,3.5,7,40,LiF,3.5,1,Al,100,4.5,6.24,5,11.00
Pure aromatic hydrocarbons with rigid and bulky substitutions as bipolar hosts for blue phosphorescent OLEDs,ITO,,,,,NPB,2.5,5.2,40,mCP,2.4,5.9,15,,,,,55,2.9,pDPFDB,2.17,6.09,2.9,25,FIrpic,3,5.7,2.7,8,2.6,40,,,,,BCP,3.5,7,40,LiF,3.5,1,Al,100,4.1,5.46,4,10.00
Pure aromatic hydrocarbons with rigid and bulky substitutions as bipolar hosts for blue phosphorescent OLEDs,ITO,,,,,NPB,2.5,5.2,40,mCP,2.4,5.9,15,,,,,55,2.9,mTPFB,2.15,6.07,2.96,25,FIrpic,3,5.7,2.7,8,2.6,40,,,,,BCP,3.5,7,40,LiF,3.5,1,Al,100,4,7.02,8,12.00
Pyridoindole based intramolecular charge transfer type host material for blue phosphorescent organic light-emitting diodes,ITO,PEDOT:PSS,3.3,5.2,60,TAPC,2,5.8,20,mCP,2.4,5.9,10,,,,,30,3,CzDPEPI,2.88,6.13,2.91,25,Ir(dbi)3,2.21,4.95,2.7,10,3.36,35,TSPO1,2.5,6.8,5,TPBi,2.8,6.2,30,LiF,3.5,1.5,Al,200,6,12.71,12.58,28.24
Pyridoindole based intramolecular charge transfer type host material for blue phosphorescent organic light-emitting diodes,ITO,PEDOT:PSS,3.3,5.2,60,TAPC,2,5.5,20,mCP,2.4,5.9,10,,,,,30,3,CzDPECz,2.51,6.1,3.02,25,Ir(dbi)3,2.21,4.95,2.7,10,3.36,35,TSPO1,2.5,6.8,5,TPBi,2.8,6.2,30,LiF,3.5,1.5,Al,200,5.5,9.05,10.94,17.04
Rational design and characterization of heteroleptic phosphorescent iridium(III) complexes for highly efficient deep-blue OLEDs,ITO,,,,,TAPC,2,5.5,30,mCP,2.4,5.9,10,,,,,40,3,t-BuCPO,2.5,6.2,3.2,30,Ir2,2.56,6.24,2.9,10,2.6,30,,,,,TPBi,2.8,6.2,30,LiF,3.5,1,Al,200,3.5,5,10.1,13.61
Rational design and characterization of heteroleptic phosphorescent iridium(III) complexes for highly efficient deep-blue OLEDs,ITO,,,,,TAPC,2,5.5,30,mCP,2.4,5.9,10,,,,,40,3,t-BuCPO,2.5,6.2,3.2,30,Ir1,2.57,6.27,2.9,10,2.6,30,,,,,TPBi,2.8,6.2,30,LiF,3.5,1,Al,200,3.5,4.2,8.3,11.29
Selectively Modulating Triplet Exciton Formation in Host Materials for Highly Efficient Blue Electrophosphorescence,ITO,MoO3,2.3,5.3,5,NPB,2.5,5.2,70,TCTA,2.4,5.7,5,,,,,75,2.82,SiPCz,1.95,5.61,3.01,10,FIrpic,3,5.7,2.7,15,2.75,35,,,,,TmPyPB,2.73,6.68,35,Cs2CO3,2.2,2,Al,100,3.1,19.5,18.2,38.80
Selectively Modulating Triplet Exciton Formation in Host Materials for Highly Efficient Blue Electrophosphorescence,ITO,MoO3,2.3,5.3,5,NPB,2.5,5.2,70,TCTA,2.4,5.7,5,,,,,75,2.82,SiPTCz,2.12,5.47,2.93,10,FIrpic,3,5.7,2.7,15,2.75,35,,,,,TmPyPB,2.73,6.68,35,Cs2CO3,2.2,2,Al,100,3.1,13.5,12.3,25.00
Sky-Blue Phosphorescent OLEDs with 34.1% External Quantum Efficiency Using a Low Refractive Index Electron Transporting Layer,ITO,ReO3:mCBP,3.56,6.26,40,mCBP,2.4,6.1,15,,,,,,,,,15,2.8,mCBP:PO-T2T,2.4,7.5,2.8,30,FIrpic,3,5.7,2.7,10,2.99,70,PO-T2T,3.47,7.5,20,PO-T2T:Rb2CO3,3.47,7.5,50,,4.28,0,Al,100,2.6,48.6,32.2,63.65
Sky-Blue Phosphorescent OLEDs with 34.1% External Quantum Efficiency Using a Low Refractive Index Electron Transporting Layer,ITO,ReO3:mCBP,3.56,6.26,40,mCBP,2.4,6.1,15,,,,,,,,,15,2.8,mCBP:PO-T2T,2.4,7.5,2.8,30,FIrpic,3,5.7,2.7,10,2.99,60,PO-T2T,3.47,7.5,20,PO-T2T:Rb2CO3,3.47,7.5,40,,4.28,0,Al,100,2.6,40.3,29.1,55.23
Sky-Blue Phosphorescent OLEDs with 34.1% External Quantum Efficiency Using a Low Refractive Index Electron Transporting Layer,ITO,ReO3:mCBP,3.56,6.26,40,mCBP,2.4,6.1,15,,,,,,,,,15,2.8,mCBP:PO-T2T,2.4,7.5,2.8,30,FIrpic,3,5.7,2.7,10,2.99,80,PO-T2T,3.47,7.5,20,PO-T2T:Rb2CO3,3.47,7.5,60,,4.28,0,Al,100,2.6,44.5,29.6,58.43
Sky-Blue Phosphorescent OLEDs with 34.1% External Quantum Efficiency Using a Low Refractive Index Electron Transporting Layer,ITO,ReO3:mCBP,3.56,6.26,40,mCBP,2.4,6.1,15,,,,,,,,,15,2.8,mCBP:PO-T2T,2.4,7.5,2.8,30,FIrpic,3,5.7,2.7,10,2.99,90,PO-T2T,3.47,7.5,20,PO-T2T:Rb2CO3,3.47,7.5,70,,4.28,0,Al,100,2.6,45.3,27.7,57.04
Solution-Processed Thermally Activated Delayed Fluorescence Exciplex Hosts for Highly Efficient Blue Organic Light-Emitting Diodes,ITO,PEDOT:PSS,3.3,5.2,40,,,,,,,,,,,,,0,0,TCTA:2PO,3.16,7.46,2.73,20,FIrpic,3,5.7,2.7,15,2.75,40,,,,,TmPyPB,2.73,6.68,40,Liq,2.8,2,Al,120,4,19.27,10,27.70
Solution-Processed Thermally Activated Delayed Fluorescence Exciplex Hosts for Highly Efficient Blue Organic Light-Emitting Diodes,ITO,PEDOT:PSS,3.3,5.2,40,,,,,,,,,,,,,0,0,TCTA:3PO,3.23,7.53,2.76,20,FIrpic,3,5.7,2.7,15,2.75,40,,,,,TmPyPB,2.73,6.68,40,Liq,2.8,2,Al,120,3,18.1,9,26.20
Synthesis and characterization of highly efficient blue Ir(III) complexes by tailoring b-diketonate ancillary ligand for highly efficient PhOLED applications,ITO,ReO3,,6.1,1,pBCb2Cz,2.26,5.7,40,,,,,,,,,40,2.94,pBCb2Cz:TSPO1,2.26,6.79,2.94,30,tBuCN-FIrmMes,3.1,5.86,2.72,10,3.4,35,,,,,TSPO1:1 wt% Rb2CO3,2.52,6.79,35,LiF,3.5,1,Al,100,3,24.9,22.4,38.66
Synthesis and characterization of highly efficient blue Ir(III) complexes by tailoring b-diketonate ancillary ligand for highly efficient PhOLED applications,ITO,ReO3,,6.1,1,pBCb2Cz,2.26,5.7,40,,,,,,,,,40,2.94,pBCb2Cz:TSPO1,2.26,6.79,2.94,30,tBuCN-FIrdMes,3.14,5.88,2.72,10,3.4,35,,,,,TSPO1:1 wt% Rb2CO3,2.52,6.79,35,LiF,3.5,1,Al,100,3,21.1,17.8,31.63
Synthesis and characterization of highly efficient blue Ir(III) complexes by tailoring b-diketonate ancillary ligand for highly efficient PhOLED applications,ITO,ReO3,,6.1,1,pBCb2Cz,2.26,5.7,40,,,,,,,,,40,2.94,pBCb2Cz:TSPO1,2.26,6.79,2.94,30,tBuCN-FIrmMes,3.1,5.86,2.72,10,3.4,35,,,,,TSPO1,2.52,6.79,35,LiF,3.5,1,Al,100,3.3,23.1,20.2,35.31
Synthesis and characterization of highly efficient blue Ir(III) complexes by tailoring b-diketonate ancillary ligand for highly efficient PhOLED applications,ITO,ReO3,,6.1,1,pBCb2Cz,2.26,5.7,40,,,,,,,,,40,2.94,pBCb2Cz:TSPO1,2.26,6.79,2.94,30,tBuCN-FIrdMes,3.14,5.88,2.72,10,3.4,35,,,,,TSPO1,2.52,6.79,35,LiF,3.5,1,Al,100,3.3,14.7,14.7,24.42
Synthesis of novel benzothiophene derivative as a host material for blue phosphorescent organic light-emitting diodes,ITO,PEDOT:PSS,3.3,5.2,60,TAPC,2,5.5,20,mCP,2.4,5.9,10,,,,,30,3,CBTPO,2.88,6.06,2.76,25,FIrpic,3,5.7,2.7,10,3.36,35,,,,,TSPO1,2.5,6.8,35,LiF,3.5,1,Al,200,3.5,25,17.9,34.23
Synthesis of novel benzothiophene derivative as a host material for blue phosphorescent organic light-emitting diodes,ITO,PEDOT:PSS,3.3,5.2,60,TAPC,2,5.5,20,mCP,2.4,5.9,10,,,,,30,3,CBTPO,2.88,6.06,2.76,25,FIrpic,3,5.7,2.7,5,3.36,35,,,,,TSPO1,2.5,6.8,35,LiF,3.5,1,Al,200,3.5,24,16,31.68
Synthesis of novel benzothiophene derivative as a host material for blue phosphorescent organic light-emitting diodes,ITO,PEDOT:PSS,3.3,5.2,60,TAPC,2,5.5,20,mCP,2.4,5.9,10,,,,,30,3,CBTPO,2.88,6.06,2.76,25,FIrpic,3,5.7,2.7,3,3.36,35,,,,,TSPO1,2.5,6.8,35,LiF,3.5,1,Al,200,3.5,19,14,26.48
Tetraphenylsilane-Based High Triplet Energy Host Materials for Blue Phosphorescent Organic Light-Emitting Diodes,ITO,DNTPD,2.1,5.2,60,NPB,2.5,5.2,20,mCP,2.4,5.9,10,,,,,30,3,TSPC,2.49,6.03,2.75,30,FCNIrpic,2.98,5.72,2.74,5,3.36,25,,,,,TSPO1,2.5,6.8,25,LiF,3.5,1,Al,200,3.5,9,15.3,21.37
Tetraphenylsilane-Based High Triplet Energy Host Materials for Blue Phosphorescent Organic Light-Emitting Diodes,ITO,DNTPD,2.1,5.2,60,NPB,2.5,5.2,20,mCP,2.4,5.9,10,,,,,30,3,TSPC,2.49,6.03,2.75,30,FCNIrpic,2.98,5.72,2.74,1,3.36,25,,,,,TSPO1,2.5,6.8,25,LiF,3.5,1,Al,200,3.5,9,15,21.07
Tetraphenylsilane-Based High Triplet Energy Host Materials for Blue Phosphorescent Organic Light-Emitting Diodes,ITO,DNTPD,2.1,5.2,60,NPB,2.5,5.2,20,mCP,2.4,5.9,10,,,,,30,3,TSPC,2.49,6.03,2.75,30,FCNIrpic,2.98,5.72,2.74,10,3.36,25,,,,,TSPO1,2.5,6.8,25,LiF,3.5,1,Al,200,3.5,9,15,21.07
Thermally stable bipolar host materials for high efficiency phosphorescent green and blue organic light-emitting diodes,ITO,MoO3,2.3,5.3,3,NPB,2.5,5.2,40,TCTA,2.4,5.7,10,,,,,50,2.82,H1,2.9,6.1,2.64,20,FIrpic,3,5.7,2.7,8,2.6,35,,,,,TPBi,2.8,6.2,35,LiF,3.5,1,Al,200,3.2,14.7,8.5,19.00
Thermally stable bipolar host materials for high efficiency phosphorescent green and blue organic light-emitting diodes,ITO,MoO3,2.3,5.3,3,NPB,2.5,5.2,40,TCTA,2.4,5.7,10,,,,,50,2.82,H2,2.7,6.1,2.7,20,FIrpic,3,5.7,2.7,8,2.6,35,,,,,TPBi,2.8,6.2,35,LiF,3.5,1,Al,200,3.1,17.2,8.8,21.00
Thermally stable bipolar host materials for high efficiency phosphorescent green and blue organic light-emitting diodes,ITO,MoO3,2.3,5.3,3,NPB,2.5,5.2,40,TCTA,2.4,5.7,10,,,,,50,2.82,mCP,2.4,5.9,3,20,FIrpic,3,5.7,2.7,8,2.6,35,,,,,TPBi,2.8,6.2,35,LiF,3.5,1,Al,200,3.3,9.8,6.4,14.30
Universal Host Materials for High-Efficiency Phosphorescent and Delayed-Fluorescence OLEDs,ITO,PEDOT:PSS,3.3,5.2,40,TAPC,2,5.5,20,,,,,,,,,20,2.87,mCPDPz,2.17,5.69,2.76,20,FIrpic,3,5.7,2.7,5,2.75,40,,,,,TmPyPB,2.73,6.68,40,LiF,3.5,1,Al,200,3.7,13.3,12.8,27.30
Universal Host Materials for High-Efficiency Phosphorescent and Delayed-Fluorescence OLEDs,ITO,PEDOT:PSS,3.3,5.2,40,TAPC,2,5.5,20,,,,,,,,,20,2.87,3-CzDPz,2.22,5.62,2.78,20,FIrpic,3,5.7,2.7,5,2.75,40,,,,,TmPyPB,2.73,6.68,40,LiF,3.5,1,Al,200,3.6,17,14.6,30.60
Universal Host Materials for High-Efficiency Phosphorescent and Delayed-Fluorescence OLEDs,ITO,PEDOT:PSS,3.3,5.2,40,TAPC,2,5.5,20,,,,,,,,,20,2.87,m-CzDPz,2.13,5.64,2.83,20,FIrpic,3,5.7,2.7,5,2.75,40,,,,,TmPyPB,2.73,6.68,40,LiF,3.5,1,AI,200,3.8,12.1,17,30.90
Universal Host Materials for High-Efficiency Phosphorescent and Delayed-Fluorescence OLEDs,ITO,PEDOT:PSS,3.3,5.2,40,TAPC,2,5.5,20,,,,,,,,,20,2.87,σ-CzDPz,2.16,5.71,3.02,20,FIrpic,3,5.7,2.7,5,2.75,40,,,,,TmPyPB,2.73,6.68,40,LiF,3.5,1,Al,200,4.2,10.4,18.2,33.20
"Solution-Processed Blue/Deep Blue and White Phosphorescent Organic Light-Emitting Diodes (PhOLEDs) Hosted by a Polysiloxane Derivative with Pendant mCP (1,3-bis(9-carbazolyl)benzene)",ITO,PEDOT:PSS,3.3,5.2,40,,,,,,,,,,,,,,0,PmCPSi,2.13,5.67,3,40,FIrpic,3,5.7,2.7,10,2.75,40,TmPyPB,2.73,6.68,5,TPBi,2.73,6.68,35,LiF,3.5,1,Al,200,,,,18.00
"Solution-Processed Blue/Deep Blue and White Phosphorescent Organic Light-Emitting Diodes (PhOLEDs) Hosted by a Polysiloxane Derivative with Pendant mCP (1,3-bis(9-carbazolyl)benzene)",ITO,PEDOT:PSS,3.3,5.2,40,,,,,,,,,,,,,,0,PVK,5.8,2.2,2.7,40,FIrpic,3,5.7,2.7,10,2.75,40,TmPyPB,2.73,6.68,5,TPBi,2.73,6.68,35,LiF,3.5,1,Al,200,,,,12.00
"Solution-Processed Blue/Deep Blue and White Phosphorescent Organic Light-Emitting Diodes (PhOLEDs) Hosted by a Polysiloxane Derivative with Pendant mCP (1,3-bis(9-carbazolyl)benzene)",ITO,PEDOT:PSS,3.3,5.2,40,PVK,5.8,2.2,5,,,,,,,,,5,2.6,PmCPSi,2.13,5.67,3,40,FIrpic,3,5.7,2.7,10,2.75,40,TmPyPB,2.73,6.68,5,TPBi,2.73,6.68,35,LiF,3.5,1,Al,200,,,,18.00
"Solution-Processed Blue/Deep Blue and White Phosphorescent Organic Light-Emitting Diodes (PhOLEDs) Hosted by a Polysiloxane Derivative with Pendant mCP (1,3-bis(9-carbazolyl)benzene)",ITO,PEDOT:PSS,3.3,5.2,40,TAPC,2,5.5,20,,,,,,,,,20,2.87,o-CzDP,2.16,5.69,3.02,20,FIrpic,3,5.7,2.7,10,2.75,40,,,,,TmPyPB,2.73,6.68,40,LiF,3.5,1,Al,200,,,,33.20
An exploration of N-heterocyclic carbene-based Ir(III) complexes for phosphorescent organic light-emitting diode applications,ITO,HATCN,5.7,9.5,7,TAPC,2,5.5,75,,,,,,,,,75,2.87,mCP,2.5,6.1,2.9,25,(fpmpy)2Ir(pmBIm),2.7,5.6,2.74,10,2.75,30,,,,,TmPyPB,2.73,6.68,30,LiF,3.5,1.5,Al,200,,,4.5,8.61
An exploration of N-heterocyclic carbene-based Ir(III) complexes for phosphorescent organic light-emitting diode applications,ITO,HATCN,5.7,9.5,7,TAPC,2,5.5,75,,,,,,,,,75,2.87,mCP,2.5,6.1,2.9,25,(fpmpy)2Ir(fpmBIm),2.72,5.7,2.68,10,2.75,30,,,,,TmPyPB,2.73,6.68,30,LiF,3.5,1.5,Al,200,,,4,8.79
High Power Efficiency Solution-Processed Blue Phosphorescent Organic Light-Emitting Diodes Using Exciplex-Type Host with a Turn-on Voltage Approaching the Theoretical Limit,ITO,PEDOT:PSS,3.3,5.2,25,,,,,,,,,,,,,0,0,TAPC:POPH,2,6.7,2.64,35,FIrpic,3,5.7,2.7,10,2.6,35,,,,,TPBi,2.73,6.68,35,Ca,2.8,10,Al,,3.4,3.4,,6.20
High Power Efficiency Solution-Processed Blue Phosphorescent Organic Light-Emitting Diodes Using Exciplex-Type Host with a Turn-on Voltage Approaching the Theoretical Limit,ITO,PEDOT:PSS,3.3,5.2,25,,,,,,,,,,,,,0,0,TCTA:POPH,2.4,6.7,2.72,35,FIrpic,3,5.7,2.7,10,2.6,35,,,,,TPBi,2.73,6.68,35,Ca,2.8,10,Al,,2.4,22.5,,24.50
High Power Efficiency Solution-Processed Blue Phosphorescent Organic Light-Emitting Diodes Using Exciplex-Type Host with a Turn-on Voltage Approaching the Theoretical Limit,ITO,PEDOT:PSS,3.3,5.2,25,,,,,,,,,,,,,0,0,mCP:POPH,2.4,6.7,3.1,35,FIrpic,3,5.7,2.7,10,2.6,35,,,,,TPBi,2.73,6.68,35,Ca,2.8,10,Al,,4.4,6,,11.50
"Multi-3,3 '-Bicarbazole-Substituted Arylsilane Host Materials with Balanced Charge Transport for Highly Efficient Solution-Processed Blue Phosphorescent Organic Light-Emitting Diodes",ITO,PEDOT:PSS,3.3,5.2,40,,,,,,,,,,,,,0,0,simCP2,2.08,5.68,3.5,50,FIrpic,3,5.7,2.7,10,2.75,35,TmPyPB,2.73,6.68,5,TPBi,2.73,6.68,30,LiF,3.5,1,Al,,,,,22.00
"Multi-3,3 '-Bicarbazole-Substituted Arylsilane Host Materials with Balanced Charge Transport for Highly Efficient Solution-Processed Blue Phosphorescent Organic Light-Emitting Diodes",ITO,PEDOT:PSS,3.3,5.2,40,,,,,,,,,,,,,0,0,simCP3=CH3,2.08,5.66,3.5,50,FIrpic,3,5.7,2.7,10,2.75,35,TmPyPB,2.73,6.68,5,TPBi,2.73,6.68,30,LiF,3.5,1,Al,,,,,22.00
"Multi-3,3 '-Bicarbazole-Substituted Arylsilane Host Materials with Balanced Charge Transport for Highly Efficient Solution-Processed Blue Phosphorescent Organic Light-Emitting Diodes",ITO,PEDOT:PSS,3.3,5.2,40,,,,,,,,,,,,,0,0,SimCP3-Ph,2.11,5.69,3.5,50,FIrpic,3,5.7,2.7,10,2.75,35,TmPyPB,2.73,6.68,5,TPBi,2.73,6.68,30,LiF,3.5,1,Al,,,,,23.00
"Multi-3,3 '-Bicarbazole-Substituted Arylsilane Host Materials with Balanced Charge Transport for Highly Efficient Solution-Processed Blue Phosphorescent Organic Light-Emitting Diodes",ITO,PEDOT:PSS,3.3,5.2,40,,,,,,,,,,,,,0,0,SimCP4,2.07,5.65,3.5,50,FIrpic,3,5.7,2.7,10,2.75,35,TmPyPB,2.73,6.68,5,TPBi,2.73,6.68,30,LiF,3.5,1,Al,,,,,27.50
"A Universal Electron-Transporting/Exciton-Blocking Material for Blue, Green, and Red Phosphorescent Organic Light-Emitting Diodes (OLEDs)",ITO,,,,,NPB,2.5,5.2,30,mCP,2.4,5.9,10,,,,,40,3,BCPO,2.19,5.76,3.01,30,FIrpic,3,5.7,2.7,8,2.7,40,PhOXD,2.25,5.84,40,,,,,LiF,3.5,1,Al,,,,24,48.62
"A Universal Electron-Transporting/Exciton-Blocking Material for Blue, Green, and Red Phosphorescent Organic Light-Emitting Diodes (OLEDs)",ITO,,,,,NPB,2.5,5.2,30,mCP,2.4,5.9,10,,,,,40,3,BCPO,2.19,5.76,3.01,30,FIrpic,3,5.7,2.7,8,2.65,40,2PhOXD,2.3,5.89,40,,,,,LiF,3.5,1,Al,,,,15,30.70
"A Universal Electron-Transporting/Exciton-Blocking Material for Blue, Green, and Red Phosphorescent Organic Light-Emitting Diodes (OLEDs)",ITO,,,,,NPB,2.5,5.2,30,mCP,2.4,5.9,10,,,,,40,3,BCPO,2.19,5.76,3.01,30,FIrpic,3,5.7,2.7,8,2.62,40,4PhOXD,2.36,5.95,40,,,,,LiF,3.5,1,Al,,,,5,10.78
Tuning Charge Balance in Solution-Processable Bipolar Triphenylamine-diazafluorene Host Materials for Phosphorescent Devices,ITO,PEDOT:PSS,3.3,5.2,25,,,,,,,,,,,,,0,0,TPA-DAF,1.86,5.2,2.89,30,FIrpic,3,5.7,2.7,15,2.6,35,,,,,TPBi,2.8,6.2,35,Ca,2.8,10,Ag,,,10.8,,20.10
Tuning Charge Balance in Solution-Processable Bipolar Triphenylamine-diazafluorene Host Materials for Phosphorescent Devices,ITO,PEDOT:PSS,3.3,5.2,25,,,,,,,,,,,,,0,0,TPA-DAF2,1.93,5.34,2.88,30,FIrpic,3,5.7,2.7,15,2.6,35,,,,,TPBi,2.8,6.2,35,Ca,2.8,10,Ag,,,7.6,,17.60
Tuning Charge Balance in Solution-Processable Bipolar Triphenylamine-diazafluorene Host Materials for Phosphorescent Devices,ITO,PEDOT:PSS,3.3,5.2,25,,,,,,,,,,,,,0,0,TPA-DAF3,2.04,5.47,2.88,30,FIrpic,3,5.7,2.7,15,2.6,35,,,,,TPBi,2.8,6.2,35,Ca,2.8,10,Ag,,,6.2,,14.00
Bipolar Host with Multielectron Transport Benzimidazole Units for Low Operating Voltage and High Power Efficiency Solution-Processed Phosphorescent OLEDs,ITO,PEDOT:PSS,3.3,5.2,40,,,,,,,,,,,,,0,0,mCP-BPBI,2.61,5.63,2.68,45,Firpic,3,5.7,2.7,12,2.6,35,,,,,TPBi,2.8,6.2,35,Cs2CO3,2.2,1,Al,,4.1,10.8,,20.10
Bipolar Host with Multielectron Transport Benzimidazole Units for Low Operating Voltage and High Power Efficiency Solution-Processed Phosphorescent OLEDs,ITO,PEDOT:PSS,3.3,5.2,40,,,,,,,,,,,,,0,0,CP-QPBI,2.33,5.58,2.68,45,Firpic,3,5.7,2.7,12,2.6,35,,,,,TPBi,2.8,6.2,35,Cs2CO3,2.2,1,Al,,5.2,7.6,,17.60
Using an Organic Molecule with Low Triplet Energy as a Host in a Highly Efficient Blue Electrophosphorescent Device,ITO,MoO3,2.3,5.3,3,TAPC,2,5.5,60,,,,,,,,,60,2.87,POBPmDPA,2,5.2,2.71,20,FIr6,3.1,6.1,2.72,10,2.75,35,,,,,TmPyPB,2.73,6.68,35,LiF,3.5,1,Al,,,,,8.00
Using an Organic Molecule with Low Triplet Energy as a Host in a Highly Efficient Blue Electrophosphorescent Device,ITO,MoO3,2.3,5.3,3,NPB,2.5,5.2,70,,,,,,,,,70,2.3,POBPmDPA,2,5.2,2.71,20,FIr6,3.1,6.1,2.72,10,2.75,35,,,,,TmPyPB,2.73,6.68,35,LiF,3.5,1,Al,,,,,9.00
Using an Organic Molecule with Low Triplet Energy as a Host in a Highly Efficient Blue Electrophosphorescent Device,ITO,MoO3,2.3,5.3,3,TAPC,2,5.5,60,,,,,,,,,60,2.87,POBPmDPA,2,5.2,2.71,20,FIr6,3.1,6.1,2.72,10,2.5,35,,,,,BCP,3,6.5,35,LiF,3.5,1,Al,,,,,7.00
Finely Tuned Blue Iridium Complexes with Varying Horizontal Emission Dipole Ratios and Quantum Yields for Phosphorescent Organic Light-Emitting Diodes,ITO,ReO3,,,1,pBCB2Cz,2.26,5.7,40,,,,,,,,,40,2.9,TSPO1,2.5,6.8,3.36,30,tBuCN-FIraca,2.96,5.72,2.69,10,3.36,35,,,,,TSPO1,2.5,6.8,35,LiF,3.5,1,Al,,3,23.7,,38.10
Finely Tuned Blue Iridium Complexes with Varying Horizontal Emission Dipole Ratios and Quantum Yields for Phosphorescent Organic Light-Emitting Diodes,ITO,ReO3,,,1,pBCB2Cz,2.26,5.7,40,,,,,,,,,40,2.9,TSPO1,2.5,6.8,3.36,30,tBuCN-FIracac,3.02,5.75,2.67,10,3.36,35,,,,,TSPO1,2.5,6.8,35,LiF,3.5,1,Al,,3,19.4,,33.30
Finely Tuned Blue Iridium Complexes with Varying Horizontal Emission Dipole Ratios and Quantum Yields for Phosphorescent Organic Light-Emitting Diodes,ITO,ReO3,,,1,pBCB2Cz,2.26,5.7,40,,,,,,,,,40,2.9,TSPO1,2.5,6.8,3.36,30,tBu-FCNIr,3.02,5.8,2.75,10,3.36,35,,,,,TSPO1,2.5,6.8,35,LiF,3.5,1,Al,,2,12.4,,21.20
Phenylcarbazole/diphenylphosphine oxide-based alcohol soluble host materials for efficient solution-processed multilayer blue electrophosphorescent OLEDs,ITO,PEDOT:PSS,3.3,5.2,40,TcTa,2.4,5.7,10,,,,,,,,,10,2.82,9PhCz-BPO,2.46,5.57,2.78,35,Firpic,3,5.7,2.7,10,2.75,30,,,,,TmPyPB,2.73,6.68,30,Cs2CO3,2.2,1,Al,,5.4,,,26.00
Phenylcarbazole/diphenylphosphine oxide-based alcohol soluble host materials for efficient solution-processed multilayer blue electrophosphorescent OLEDs,ITO,PEDOT:PSS,3.3,5.2,40,TcTa,2.4,5.7,10,,,,,,,,,10,2.82,3PhCz-BPO,2.53,5.56,2.81,35,Firpic,3,5.7,2.7,10,2.75,30,,,,,TmPyPB,2.73,6.68,30,Cs2CO3,2.2,1,Al,,5.6,,,25.00
Molecular design of large-bandgap host materials and their application to blue phosphorescent organic light-emitting diodes,ITO,,,,,TAPC,2,5.5,75,,,,,,,,,,2.87,pP2CZCB,2.11,5.61,2.92,15,Firpic,3,5.7,2.7,3,2.6,,,,,,TmPyPB,2.73,6.68,40,LiF,3.5,1,Al,,,,,39.10
Molecular design of large-bandgap host materials and their application to blue phosphorescent organic light-emitting diodes,ITO,,,,,TAPC,2,5.5,75,,,,,,,,,,2.87,mP2CZCB,2.09,5.6,2.93,25,Firpic,3,5.7,2.7,3,2.6,,,,,,TmPyPB,2.73,6.68,40,LiF,3.5,1,Al,,,,,36.20
Molecular design of large-bandgap host materials and their application to blue phosphorescent organic light-emitting diodes,ITO,,,,,TAPC,2,5.5,75,,,,,,,,,,2.87,mP2CZCB,2.09,5.6,2.93,25,Firpic,3,5.7,2.7,3,2.6,,,,,,TmPyPB,2.73,6.68,40,LiF,3.5,1,Al,,,,,51.80
Efficient hole-transporter for phosphorescent organic light emitting diodes with a simple molecular structure,ITO,MoO3,2.3,5.3,1,SQTPA,2.5,5.5,40,mCP,2.4,5.9,5,,,,,45,3,SPO1,2.7,6.5,2.8,30,Firpic,3,5.7,2.7,10,2.8,30,,,,,SPPO1,2.7,6.5,30,LiF,3.5,1,Al,,3.6,14.6,,29.40
Efficient hole-transporter for phosphorescent organic light emitting diodes with a simple molecular structure,ITO,MoO3,2.3,5.3,1,NPB,2.5,5.2,40,mCP,2.4,5.9,5,,,,,45,3,SPO1,2.7,6.5,2.8,30,Firpic,3,5.7,2.7,10,2.8,30,,,,,SPPO1,2.7,6.5,30,LiF,3.5,1,Al,,3.8,12.1,,27.70
Carbazole-carboline core as a backbone structure of high triplet energy host materials,ITO,PEDOT:PSS,3.3,5.2,40,TAPC,2,5.5,20,mCP,2.4,5.9,10,,,,,30,3,CzCbCN,2.79,5.9,2.88,25,Firpic,3,5.7,2.7,3,2.8,35,TSPO1,2.5,6.8,5,TPBi,2.8,6.2,30,LiF,3.5,1,Al,,,,21,42.64
Carbazole-carboline core as a backbone structure of high triplet energy host materials,ITO,PEDOT:PSS,3.3,5.2,40,TAPC,2,5.5,20,mCP,2.4,5.9,10,,,,,30,3,CzCbPh,2.72,5.9,2.88,25,Firpic,3,5.7,2.7,3,2.8,35,TSPO1,2.5,6.8,5,TPBi,2.8,6.2,30,LiF,3.5,1,Al,,,,19,38.66
Carbazole-carboline core as a backbone structure of high triplet energy host materials,ITO,PEDOT:PSS,3.3,5.2,40,TAPC,2,5.5,20,mCP,2.4,5.9,10,,,,,30,3,CzCbCz,2.67,5.89,2.85,25,Firpic,3,5.7,2.7,3,2.8,35,TSPO1,2.5,6.8,5,TPBi,2.8,6.2,30,LiF,3.5,1,Al,,,,17,34.68
Pyridoindole modified carbazole compounds as high triplet energy host materials of imidazole derived blue triplet emitters for high quantum efficiency,ITO,PEDOT:PSS,3.3,5.2,60,TAPC,2,5.5,20,mCP,2.4,5.9,10,,,,,30,3,mCPPI,2.63,6.04,2.89,25,Firpic,3,5.7,2.7,3,3.36,35,TSPO1,2.5,6.8,5,TPBi,2.8,6.2,30,LiF,3.5,1,Al,,,,18,36.67
Pyridoindole modified carbazole compounds as high triplet energy host materials of imidazole derived blue triplet emitters for high quantum efficiency,ITO,PEDOT:PSS,3.3,5.2,60,TAPC,2,5.5,20,mCP,2.4,5.9,10,,,,,30,3,mCPP2,2.63,6.06,2.89,25,Firpic,3,5.7,2.7,3,3.36,35,TSPO1,2.5,6.8,5,TPBi,2.8,6.2,30,LiF,3.5,1,Al,,,,16,32.69
Pyridoindole modified carbazole compounds as high triplet energy host materials of imidazole derived blue triplet emitters for high quantum efficiency,ITO,PEDOT:PSS,3.3,5.2,60,TAPC,2,5.5,20,mCP,2.4,5.9,10,,,,,30,3,mCPPI,2.63,6.04,2.89,25,Ir(dpi)3,2.21,4.95,2.7,3,3.36,35,TSPO1,2.5,6.8,5,TPBi,2.8,6.2,30,LiF,3.5,1,Al,,,,22.5,45.63
Pyridoindole modified carbazole compounds as high triplet energy host materials of imidazole derived blue triplet emitters for high quantum efficiency,ITO,PEDOT:PSS,3.3,5.2,60,TAPC,2,5.5,20,mCP,2.4,5.9,10,,,,,30,3,mCPP2,2.63,6.06,2.89,25,Ir(dpi)3,2.21,4.95,2.7,3,3.36,35,TSPO1,2.5,6.8,5,TPBi,2.8,6.2,30,LiF,3.5,1,Al,,,,22.5,45.63
Synthesis of dibenzothiophene-based host materials and their blue phosphorescent device performances,ITO,PEDOT:PSS,3.3,5.2,60,TAPC,2,5.5,20,mCP,2.4,5.9,10,,,,,30,3,pDBTCb,2.84,6.28,2.74,25,Firpic,3,5.7,2.7,3,3.36,35,TSPO1,2.5,6.8,5,TPBi,2.8,6.2,30,LiF,3.5,1,Al,,,,14.5,29.70
Synthesis of dibenzothiophene-based host materials and their blue phosphorescent device performances,ITO,PEDOT:PSS,3.3,5.2,60,TAPC,2,5.5,20,mCP,2.4,5.9,10,,,,,30,3,mDBTCb,2.66,6.15,2.81,25,Firpic,3,5.7,2.7,3,3.36,35,TSPO1,2.5,6.8,5,TPBi,2.8,6.2,30,LiF,3.5,1,Al,,,,17.5,35.67
Carboline modified dibenzofuran as a high triplet host material for blue phosphorescent organic light-emitting diodes,ITO,PEDOT:PSS,3.3,5.2,60,TAPC,2,5.5,20,mCP,2.4,5.9,10,,,,,30,3,DBFCb,2.74,6.17,2.88,25,Firpic,3,5.7,2.7,3,3.36,35,,,,,TSPO1,2.5,6.8,35,LiF,3.5,1,Al,,,,21.5,43.64
"Construction of thermally stable 3,6-disubstituted spiro-fluorene derivatives as host materials for blue phosphorescent organic light-emitting diodes",ITO,MoO3,2.3,5.3,10,NPB,2.5,5.2,70,mCP,2.4,5.9,5,,,,,75,3,BBDC,2.32,5.8,2.81,40,Firpic,3,5.7,2.7,7,2.75,40,,,,,TmPyPB,2.73,6.68,40,LiF,3.5,1,Al,,,7.2,,20.50
"Construction of thermally stable 3,6-disubstituted spiro-fluorene derivatives as host materials for blue phosphorescent organic light-emitting diodes",ITO,MoO3,2.3,5.3,10,NPB,2.5,5.2,70,mCP,2.4,5.9,5,,,,,75,3,BBDP,2.35,6.23,2.87,40,Firpic,3,5.7,2.7,7,2.75,40,,,,,TmPyPB,2.73,6.68,40,LiF,3.5,1,Al,,,12.5,,28.10
"Construction of thermally stable 3,6-disubstituted spiro-fluorene derivatives as host materials for blue phosphorescent organic light-emitting diodes",ITO,MoO3,2.3,5.3,10,NPB,2.5,5.2,70,mCP,2.4,5.9,5,,,,,75,3,BSBDC,2.28,5.76,2.81,40,Firpic,3,5.7,2.7,7,2.75,40,,,,,TmPyPB,2.73,6.68,40,LiF,3.5,1,Al,,,31.5,,31.70
"Construction of thermally stable 3,6-disubstituted spiro-fluorene derivatives as host materials for blue phosphorescent organic light-emitting diodes",ITO,MoO3,2.3,5.3,10,NPB,2.5,5.2,70,mCP,2.4,5.9,5,,,,,75,3,BSBDP,2.38,6.16,2.87,40,Firpic,3,5.7,2.7,7,2.75,40,,,,,TmPyPB,2.73,6.68,40,LiF,3.5,1,Al,,,30.3,,30.10
New sulfone-based electron-transport materials with high triplet energy for highly efficient blue phosphorescent organic light-emitting diodes,ITO,PEDOT:PSS,3.3,5.2,30,,,,,,,,,,,,,0,0,PVK:OXD-7,2.3,6.5,2.7,70,Firpic,3,5.7,2.7,10,2.9,5,,,,,SPDP,2.57,6.17,5,LiF,3.5,1,Al,,,,,13.00
New sulfone-based electron-transport materials with high triplet energy for highly efficient blue phosphorescent organic light-emitting diodes,ITO,PEDOT:PSS,3.3,5.2,30,,,,,,,,,,,,,0,0,PVK:OXD-7,2.3,6.5,2.7,70,Firpic,3,5.7,2.7,10,2.9,15,,,,,SPDP,2.57,6.17,15,LiF,3.5,1,Al,,,,,30.00
New sulfone-based electron-transport materials with high triplet energy for highly efficient blue phosphorescent organic light-emitting diodes,ITO,PEDOT:PSS,3.3,5.2,30,,,,,,,,,,,,,0,0,PVK:OXD-7,2.3,6.5,2.7,70,Firpic,3,5.7,2.7,10,2.9,30,,,,,SPDP,2.57,6.17,30,LiF,3.5,1,Al,,,,,34.00
New sulfone-based electron-transport materials with high triplet energy for highly efficient blue phosphorescent organic light-emitting diodes,ITO,PEDOT:PSS,3.3,5.2,30,,,,,,,,,,,,,0,0,PVK:OXD-7,2.3,6.5,2.7,70,Firpic,3,5.7,2.7,10,0,0,,,,,,,,0,LiF,3.5,1,Al,,,,,16.00
New sulfone-based electron-transport materials with high triplet energy for highly efficient blue phosphorescent organic light-emitting diodes,ITO,PEDOT:PSS,3.3,5.2,30,,,,,,,,,,,,,0,0,PVK:OXD-7,2.3,6.5,2.7,70,Firpic,3,5.7,2.7,10,2.9,15,,,,,SPDP,2.57,6.17,15,LiF,3.5,1,Al,,,,,30.00
New sulfone-based electron-transport materials with high triplet energy for highly efficient blue phosphorescent organic light-emitting diodes,ITO,PEDOT:PSS,3.3,5.2,30,,,,,,,,,,,,,0,0,PVK:OXD-7,2.3,6.5,2.7,70,Firpic,3,5.7,2.7,10,2.81,15,,,,,SPPP,2.37,6.16,15,LiF,3.5,1,Al,,,,,27.00
New sulfone-based electron-transport materials with high triplet energy for highly efficient blue phosphorescent organic light-emitting diodes,ITO,PEDOT:PSS,3.3,5.2,30,,,,,,,,,,,,,0,0,PVK:OXD-7,2.3,6.5,2.7,70,Firpic,3,5.7,2.7,10,2.53,15,,,,,SPDQ,2.7,6.32,15,LiF,3.5,1,Al,,,,,30.00
New Bipolar Host Materials for Realizing Blue Phosphorescent Organic Light-Emitting Diodes with High Efficiency at 1000 cd/m(2),ITO,,,,,TAPC,2,5.5,75,,,,,,,,,75,2.87,pPCB2CZ,2.11,5.6,2.92,15,Firpic,3,5.7,2.7,3,2.75,40,,,,,TmPyPB,2.73,6.68,40,LiF,3.5,1.5,Al,,,,,38.00
New Bipolar Host Materials for Realizing Blue Phosphorescent Organic Light-Emitting Diodes with High Efficiency at 1000 cd/m(2),ITO,,,,,TAPC,2,5.5,75,,,,,,,,,75,2.87,mPCB2CZ,2.21,5.73,2.92,15,Firpic,3,5.7,2.7,3,2.75,40,,,,,TmPyPB,2.73,6.68,40,LiF,3.5,1.5,Al,,,,,45.00
Novel Benzimidazole Derivatives as Electron-Transporting Type Host To Achieve Highly Efficient Sky-Blue Phosphorescent Organic Light-Emitting Diode (PHOLED) Device,ITO,,,,,TAPC,2,5.5,45,mCP,2.4,5.9,10,,,,,55,3,BImBP,2.36,6.12,2.89,35,Firpic,3,5.7,2.7,12,2.7,55,,,,,DPPS,2.5,6.5,55,LiF,3.5,0.9,Al,,,,,53.00
High-Power-Efficiency Blue Electrophosphorescence Enabled by the Synergistic Combination of Phosphine-Oxide-Based Host and Electron-Transporting Materials,ITO,MoO3,2.3,5.3,1,TAPC,2,5.5,60,,,,,,,,,60,2.87,POPCPA,1.84,5.24,2.93,15,FIr6,3.1,6.1,2.72,10,2.78,40,,,,,TP3PO,2.45,6.4,40,LiF,3.5,1,Al,,,,,28.00
High-Power-Efficiency Blue Electrophosphorescence Enabled by the Synergistic Combination of Phosphine-Oxide-Based Host and Electron-Transporting Materials,ITO,MoO3,2.3,5.3,1,TAPC,2,5.5,60,,,,,,,,,60,2.87,mCP,2.5,6.1,2.9,15,FIr6,3.1,6.1,2.72,10,2.78,40,,,,,TP3PO,2.45,6.4,40,LiF,3.5,1,Al,,,,,23.00
Formation of Recombination Zone in Blue Phosphorescent Organic Light-Emitting Diodes with Different Electron Transport Layers and Its Effects on Device Performance,ITO,HAT-CN,5.7,9.5,60,NPB,2.5,5.2,30,,,,,,,,,30,2.3,mCP,2.5,6.1,2.9,20,Firpic,3,5.7,2.7,10,2.9,25,mCP,2.5,6.1,5,TAZ,2.7,6.3,20,LiF,3.5,1,Al,,,,,6.50
Formation of Recombination Zone in Blue Phosphorescent Organic Light-Emitting Diodes with Different Electron Transport Layers and Its Effects on Device Performance,ITO,HAT-CN,5.7,9.5,60,NPB,2.5,5.2,30,,,,,,,,,30,2.3,mCP,2.5,6.1,2.9,20,Firpic,3,5.7,2.7,10,2.9,25,mCP,2.5,6.1,5,Alq3,3,5.7,20,LiF,3.5,1,Al,,,,,1.00
Formation of Recombination Zone in Blue Phosphorescent Organic Light-Emitting Diodes with Different Electron Transport Layers and Its Effects on Device Performance,ITO,HAT-CN,5.7,9.5,60,NPB,2.5,5.2,30,,,,,,,,,30,2.3,mCP,2.5,6.1,2.9,20,Firpic,3,5.7,2.7,10,2.9,25,mCP,2.5,6.1,5,Bphen,3,6.4,20,LiF,3.5,1,Al,,,,,1.20
Formation of Recombination Zone in Blue Phosphorescent Organic Light-Emitting Diodes with Different Electron Transport Layers and Its Effects on Device Performance,ITO,HAT-CN,5.7,9.5,60,NPB,2.5,5.2,30,,,,,,,,,30,2.3,mCP,2.5,6.1,2.9,20,Firpic,3,5.7,2.7,10,2.9,25,mCP,2.5,6.1,5,TPBi,2.8,6.2,20,LiF,3.5,1,Al,,,,,2.50
A hole transport material with ortho-linked terphenyl core structure for high power efficiency in blue phosphorescent organic light-emitting diodes,ITO,DNTPD,2.1,5.2,30,NPB,2.5,5.2,15,mCP,2.4,5.9,10,,,,,25,2.9,mCP,2.5,6.1,2.9,25,Firpic,3,5.7,2.7,3,3.36,35,,,,,TSPO1,2.5,6.8,35,LiF,3.5,1,Al,,,13,22,33.55
A hole transport material with ortho-linked terphenyl core structure for high power efficiency in blue phosphorescent organic light-emitting diodes,ITO,DNTPD,2.1,5.2,30,NPB,2.5,5.2,15,TTTDA,2.55,5.7,10,,,,,25,2.67,mCP,2.5,6.1,2.9,25,Firpic,3,5.7,2.7,3,3.36,35,,,,,TSPO1,2.5,6.8,35,LiF,3.5,1,Al,,,17,23,36.86
A hole transport material with ortho-linked terphenyl core structure for high power efficiency in blue phosphorescent organic light-emitting diodes,ITO,DNTPD,2.1,5.2,30,NPB,2.5,5.2,15,TAPC,2,5.5,10,,,,,25,2.87,mCP,2.5,6.1,2.9,25,Firpic,3,5.7,2.7,3,3.36,35,,,,,TSPO1,2.5,6.8,35,LiF,3.5,1,Al,,,8,12,20.70
High morphology stability and ambipolar transporting host for use in blue phosphorescent single-layer organic light-emitting diodes,ITO,PEDOT:PSS,3.3,5.2,35,,,,,,,,,,,,,0,0,POAPF,2.4,5.3,2.75,60,Firpic,3,5.7,2.7,8,2.7,40,,,,,TAZ,2.7,6.3,40,LiF,3.5,1,Al,,,,,34.80
High morphology stability and ambipolar transporting host for use in blue phosphorescent single-layer organic light-emitting diodes,ITO,PEDOT:PSS,3.3,5.2,35,,,,,,,,,,,,,0,0,POAPF,2.4,5.3,2.75,60,Firpic,3,5.7,2.7,8,2.7,40,,,,,TAZ,2.7,6.3,40,LiF,3.5,1,Al,,,,,16.90
High morphology stability and ambipolar transporting host for use in blue phosphorescent single-layer organic light-emitting diodes,ITO,PEDOT:PSS,3.3,5.2,35,POAPF,2.4,5.3,20,,,,,,,,,20,2.75,POAPF,2.4,5.3,2.75,60,Firpic,3,5.7,2.7,8,2.75,80,,,,,POAPF,2.4,5.3,80,LiF,3.5,1,Al,,,,,17.00
High morphology stability and ambipolar transporting host for use in blue phosphorescent single-layer organic light-emitting diodes,ITO,PEDOT:PSS,3.3,5.2,35,POAPF,2.4,5.3,40,,,,,,,,,40,2.75,POAPF,2.4,5.3,2.75,60,Firpic,3,5.7,2.7,8,2.75,60,,,,,POAPF,2.4,5.3,60,LiF,3.5,1,Al,,,,,11.70
High morphology stability and ambipolar transporting host for use in blue phosphorescent single-layer organic light-emitting diodes,ITO,PEDOT:PSS,3.3,5.2,35,POAPF,2.4,5.3,60,,,,,,,,,60,2.75,POAPF,2.4,5.3,2.75,60,Firpic,3,5.7,2.7,8,2.75,40,,,,,POAPF,2.4,5.3,40,LiF,3.5,1,Al,,,,,6.20
High morphology stability and ambipolar transporting host for use in blue phosphorescent single-layer organic light-emitting diodes,ITO,PEDOT:PSS,3.3,5.2,35,POAPF,2.4,5.3,80,,,,,,,,,80,2.75,POAPF,2.4,5.3,2.75,60,Firpic,3,5.7,2.7,8,2.75,20,,,,,POAPF,2.4,5.3,20,LiF,3.5,1,Al,,,,,3.60
High morphology stability and ambipolar transporting host for use in blue phosphorescent single-layer organic light-emitting diodes,ITO,PEDOT:PSS,3.3,5.2,35,,,,,,,,,,,,,0,0,POAPF,2.4,5.3,2.75,100,Firpic,3,5.7,2.7,8,0,0,,,,,,,,,LiF,3.5,1,Al,,,,,42.10
High morphology stability and ambipolar transporting host for use in blue phosphorescent single-layer organic light-emitting diodes,ITO,PEDOT:PSS,3.3,5.2,35,,,,,,,,,,,,,0,0,mCP,2.5,6.1,2.9,100,Firpic,3,5.7,2.7,8,0,0,,,,,,,,,LiF,3.5,1,Al,,,,,20.10
Carbazole–benzimidazole hybrid bipolar host materials for highly efficient green and blue phosphorescent OLEDs,ITO,PEDOT:PSS,3.3,5.2,30,DTAF,1.75,5.22,40,,,,,,,,,40,2.87,CbzNBI,2.2,5.62,2.72,30,Firpic,3,5.7,2.7,12,2.7,30,,,,,TAZ,2.7,6.3,30,LiF,3.5,1,Al,,,11,11,21.44
Carbazole–benzimidazole hybrid bipolar host materials for highly efficient green and blue phosphorescent OLEDs,ITO,PEDOT:PSS,3.3,5.2,30,TAPC,2,5.5,60,,,,,,,,,60,2.87,mCPNBI,2.36,5.8,2.73,30,Firpic,3,5.7,2.7,12,2.7,30,,,,,TAZ,2.7,6.3,30,LiF,3.5,1,Al,,,11,13,23.43
High-Power-Efficiency Blue Electrophosphorescence Enabled by the Synergistic Combination of Phosphine-Oxide-Based Host and Electron-Transporting Materials,ITO,MoO3,2.3,5.3,1,TAPC,2,5.5,60,,,,,,,,,60,2.87,POPCPA,1.84,5.24,2.93,15,FIr6,3.1,6.1,2.72,10,2.78,40,,,,,TP3PO,2.45,6.4,40,LiF,3.5,1,Al,,,17,17,31.00
High-Power-Efficiency Blue Electrophosphorescence Enabled by the Synergistic Combination of Phosphine-Oxide-Based Host and Electron-Transporting Materials,ITO,MoO3,2.3,5.3,1,TAPC,2,5.5,60,,,,,,,,,60,2.87,mCP,2.5,6.1,2.9,15,FIr6,3.1,6.1,2.72,10,2.78,40,,,,,TP3PO,2.45,6.4,40,LiF,3.5,1,Al,,,12,12,22.00
High-Power-Efficiency Blue Electrophosphorescence Enabled by the Synergistic Combination of Phosphine-Oxide-Based Host and Electron-Transporting Materials,ITO,MoO3,2.3,5.3,1,TAPC,2,5.5,60,,,,,,,,,60,2.87,POPCPA,1.84,5.24,2.93,15,FIr6,3.1,6.1,2.72,10,2.6,40,,,,,TPBi,2.8,6.2,40,LiF,3.5,1,Al,,,4,4,10.42
High-Power-Efficiency Blue Electrophosphorescence Enabled by the Synergistic Combination of Phosphine-Oxide-Based Host and Electron-Transporting Materials,ITO,MoO3,2.3,5.3,1,TAPC,2,5.5,60,,,,,,,,,60,2.87,POPCPA,1.84,5.24,2.93,15,FIr6,3.1,6.1,2.72,10,2.75,40,,,,,Tm3PyPB,2.73,6.68,40,LiF,3.5,1,Al,,,9,8,17.30
Triazine-phosphine oxide electron transporter for ultralow-voltage-driven sky blue PHOLEDs,ITO,MoO3,2.3,5.3,10,TAPC,2,5.5,70,,,,,,,,,70,2.87,mCP,2.5,6.1,2.9,20,Firpic,3,5.7,2.7,10,2.95,35,,,,,oTPOTZ,3.26,6.4,35,LiF,3.5,1,Al,,,,2.2,5.00
Triazine-phosphine oxide electron transporter for ultralow-voltage-driven sky blue PHOLEDs,ITO,MoO3,2.3,5.3,10,TAPC,2,5.5,70,,,,,,,,,70,2.87,mCP,2.5,6.1,2.9,20,Firpic,3,5.7,2.7,10,3,35,,,,,mTPOTZ,3.34,6.64,35,LiF,3.5,1,Al,,,,10.2,21.40
Triazine-phosphine oxide electron transporter for ultralow-voltage-driven sky blue PHOLEDs,ITO,MoO3,2.3,5.3,10,TAPC,2,5.5,70,,,,,,,,,70,2.87,mCP,2.5,6.1,2.9,20,Firpic,3,5.7,2.7,10,2.95,35,,,,,pTPOTZ,3.46,6.64,35,LiF,3.5,1,Al,,,,19.8,38.30
Triazine-phosphine oxide electron transporter for ultralow-voltage-driven sky blue PHOLEDs,ITO,MoO3,2.3,5.3,10,TAPC,2,5.5,70,,,,,,,,,70,2.87,mCP,2.5,6.1,2.9,20,Firpic,3,5.7,2.7,10,2.75,35,,,,,TmPyPB,2.73,6.68,35,LiF,3.5,1,Al,,,,13.5,24.60
"Peripheral modification of 1,3,5-triazine based electron-transporting host materials for sky blue, green, yellow, red, and white electrophosphorescent devices",ITO,PEDOT:PSS,3.3,5.2,30,NPB,2.5,5.2,20,TCTA,2.4,5.7,5,,,,,25,2.82,3N-T2T,2.3,6.77,2.82,25,Firpic,3,5.7,2.7,10,2.82,50,,,,,3N-T2T,2.3,6.77,50,LiF,3.5,0.5,Al,,,16,8,21.35
"Peripheral modification of 1,3,5-triazine based electron-transporting host materials for sky blue, green, yellow, red, and white electrophosphorescent devices",ITO,PEDOT:PSS,3.3,5.2,30,NPB,2.5,5.2,20,TCTA,2.4,5.7,5,,,,,25,2.82,3P-T2T,2.33,6.67,2.8,25,Firpic,3,5.7,2.7,10,2.8,50,,,,,3P-T2T,2.33,6.67,50,LiF,3.5,0.5,Al,,,15,7,19.77
"Peripheral modification of 1,3,5-triazine based electron-transporting host materials for sky blue, green, yellow, red, and white electrophosphorescent devices",ITO,PEDOT:PSS,3.3,5.2,30,NPB,2.5,5.2,20,TCTA,2.4,5.7,5,,,,,25,2.82,oCF3-T2T,2.35,6.82,2.79,25,Firpic,3,5.7,2.7,10,2.79,50,,,,,oCF3-T2T,2.35,6.82,50,LiF,3.5,0.5,Al,,,1,3,7.69
"Ternary Ambipolar Phosphine Oxide Hosts Based on Indirect Linkage for Highly Efficient Blue Electrophosphorescence: Towards High Triplet Energy, Low Driving Voltage and Stable Efficiencies",ITO,MoO3,2.3,5.3,5,NPB,2.5,5.2,50,TCTA,2.4,5.7,5,,,,,55,2.82,TCTA,2.4,5.7,2.82,20,Firpic,3,5.7,2.7,15,2.6,30,,,,,TPBi,2.8,6.2,30,LiF,3.5,1,Al,,,,,15.00
"Ternary Ambipolar Phosphine Oxide Hosts Based on Indirect Linkage for Highly Efficient Blue Electrophosphorescence: Towards High Triplet Energy, Low Driving Voltage and Stable Efficiencies",ITO,MoO3,2.3,5.3,5,NPB,2.5,5.2,50,TCTA,2.4,5.7,5,,,,,55,2.82,mCP,2.5,6.1,2.9,20,Firpic,3,5.7,2.7,15,2.6,30,,,,,TPBi,2.8,6.2,30,LiF,3.5,1,Al,,,,,9.00
Phenylcarbazole-dipyridyl triazole hybrid as bipolar host material for phosphorescent OLEDs,ITO,PEDOT:PSS,3.3,5.2,30,NPB,2.5,5.2,20,TCTA,2.4,5.7,5,,,,,25,2.82,p-cbtz,2.12,5.69,2.82,25,Firpic,3,5.7,2.7,10,2.7,50,DPPS,2.5,6.5,5,TAZ,2.7,6.3,45,LiF,3.5,0.5,Al,,,5,7,13.99
Phenylcarbazole-dipyridyl triazole hybrid as bipolar host material for phosphorescent OLEDs,ITO,PEDOT:PSS,3.3,5.2,30,NPB,2.5,5.2,20,TCTA,2.4,5.7,5,,,,,25,2.82,m-cbtz,2.15,5.68,2.75,25,Firpic,3,5.7,2.7,10,2.7,50,DPPS,2.5,6.5,5,TAZ,2.7,6.3,45,LiF,3.5,0.5,Al,,,5,9,15.98
Electronic alteration of end-on phenyl groups of bis-triazolyl-silanes: electron-transport materials for blue phosphorescent OLEDs,ITO,HATCN,5.7,9.5,10,TAPC,2,5.5,85,,,,,,,,,85,2.87,mCBP,2.5,6.1,2.9,30,Firpic,3,5.7,2.7,8,2.85,30,ST-Bu,2.81,6.75,5,St-Bu:Liq,2.81,6.75,25,Liq,3.5,1,Al,,,,,22.50
Manipulation of electron deficiency of delta-carboline derivatives as bipolar hosts for blue phosphorescent organic light-emitting diodes with high efficiency at 1000 cd m(-2),ITO,MoO3,2.3,5.3,5,NPB,2.5,5.2,25,mCP,2.4,5.9,10,,,,,35,3,CzBPDCb,2.46,5.7,2.94,20,Firpic,3,5.7,2.7,9,2.75,40,,,,,TmPyPB,2.73,6.68,40,LiF,3.5,1,Al,,3.8,,,41.70
Manipulation of electron deficiency of delta-carboline derivatives as bipolar hosts for blue phosphorescent organic light-emitting diodes with high efficiency at 1000 cd m(-2),ITO,MoO3,2.3,5.3,5,NPB,2.5,5.2,25,mCP,2.4,5.9,10,,,,,35,3,BDCbBP,2.67,5.92,2.93,20,Firpic,3,5.7,2.7,9,2.75,40,,,,,TmPyPB,2.73,6.68,40,LiF,3.5,1,Al,,4,,,40.80
Manipulation of electron deficiency of delta-carboline derivatives as bipolar hosts for blue phosphorescent organic light-emitting diodes with high efficiency at 1000 cd m(-2),ITO,MoO3,2.3,5.3,5,NPB,2.5,5.2,25,mCP,2.4,5.9,10,,,,,35,3,Cz35PyDCb,2.39,5.72,2.96,20,Firpic,3,5.7,2.7,9,2.75,40,,,,,TmPyPB,2.73,6.68,40,LiF,3.5,1,Al,,3.6,,,42.60
Manipulation of electron deficiency of delta-carboline derivatives as bipolar hosts for blue phosphorescent organic light-emitting diodes with high efficiency at 1000 cd m(-2),ITO,MoO3,2.3,5.3,5,NPB,2.5,5.2,25,mCP,2.4,5.9,10,,,,,35,3,Cz26PyDCb,2.45,5.73,2.78,20,Firpic,3,5.7,2.7,9,2.75,40,,,,,TmPyPB,2.73,6.68,40,LiF,3.5,1,Al,,4.4,,,34.90
Rational utilization of intramolecular and intermolecular hydrogen bonds to achieve desirable electron transporting materials with high mobility and high triplet energy,ITO,HATCN,5.7,9.5,5,TAPC,2,5.5,30,,,,,,,,,30,2.87,26DCzPPy,2.6,6.1,2.71,20,Firpic,3,5.7,2.7,12,2.83,50,,,,,TPM-TPB,2.81,7.04,50,LiF,3.5,1,Al,,3.7,,,20.80
Rational utilization of intramolecular and intermolecular hydrogen bonds to achieve desirable electron transporting materials with high mobility and high triplet energy,ITO,HATCN,5.7,9.5,5,TAPC,2,5.5,30,,,,,,,,,30,2.87,26DCzPPy,2.6,6.1,2.71,20,Firpic,3,5.7,2.7,12,2.82,50,,,,,TPM-TAZ,2.82,6.67,50,LiF,3.5,1,Al,,2.4,,,18.90
Rational utilization of intramolecular and intermolecular hydrogen bonds to achieve desirable electron transporting materials with high mobility and high triplet energy,ITO,HATCN,5.7,9.5,5,TAPC,2,5.5,30,,,,,,,,,30,2.87,26DCzPPy,2.6,6.1,2.71,20,Firpic,3,5.7,2.7,12,2.43,50,,,,,TPM-i-TAZ,2.43,6.41,50,LiF,3.5,1,Al,,3.5,,,0.00
Short-Axis Substitution Approach Selectively Optimizes Electrical Properties of Dibenzothiophene-Based Phosphine Oxide Hosts,ITO,MoOx,2.3,5.3,3,m-MTDATA,5.1,1.9,40,Ir(ppz)3,,,10,,,,,50,2.87,DBTSPO,2.41,6.05,2.98,10,Firpic,3,5.7,2.7,10,2.5,40,,,,,BPhen,3,6.4,40,Cs2CO3,2.2,1,Al,,,,,20.00
Short-Axis Substitution Approach Selectively Optimizes Electrical Properties of Dibenzothiophene-Based Phosphine Oxide Hosts,ITO,MoOx,2.3,5.3,3,m-MTDATA,5.1,1.9,40,Ir(ppz)3,,,10,,,,,50,2.87,DBTDPO,2.5,6.05,2.9,10,Firpic,3,5.7,2.7,10,2.5,40,,,,,BPhen,3,6.4,40,Cs2CO3,2.2,1,Al,,,,,28.00
"A Highly Efficient, Blue-Phosphorescent Device Based on a Wide-Bandgap Host/FIrpic: Rational Design of the Carbazole and Phosphine Oxide Moieties on Tetraphenylsilane",ITO,PEDOT:PSS,3.3,5.2,30,NPB,2.5,5.2,80,mCP,2.4,5.9,30,,,,,110,3,CSPO,2.25,5.6,3.02,30,Firpic,3,5.7,2.7,16,2.6,50,,,,,TPBI,2.8,6.2,50,LiF,3.5,1,Al,,3.4,,,14.80
"A Highly Efficient, Blue-Phosphorescent Device Based on a Wide-Bandgap Host/FIrpic: Rational Design of the Carbazole and Phosphine Oxide Moieties on Tetraphenylsilane",ITO,PEDOT:PSS,3.3,5.2,30,NPB,2.5,5.2,80,mCP,2.4,5.9,30,,,,,110,3,pDCSPO,2.2,5.59,3.02,30,Firpic,3,5.7,2.7,16,2.6,50,,,,,TPBI,2.8,6.2,50,LiF,3.5,1,Al,,3.6,,,13.00
"A Highly Efficient, Blue-Phosphorescent Device Based on a Wide-Bandgap Host/FIrpic: Rational Design of the Carbazole and Phosphine Oxide Moieties on Tetraphenylsilane",ITO,PEDOT:PSS,3.3,5.2,30,NPB,2.5,5.2,80,mCP,2.4,5.9,30,,,,,110,3,DCSPO,2.19,5.43,2.97,30,Firpic,3,5.7,2.7,16,2.6,50,,,,,TPBI,2.8,6.2,50,LiF,3.5,1,Al,,3.6,,,22.90
"A Highly Efficient, Blue-Phosphorescent Device Based on a Wide-Bandgap Host/FIrpic: Rational Design of the Carbazole and Phosphine Oxide Moieties on Tetraphenylsilane",ITO,PEDOT:PSS,3.3,5.2,30,NPB,2.5,5.2,80,mCP,2.4,5.9,30,,,,,110,3,pTCSPO,2.2,5.57,3.02,30,Firpic,3,5.7,2.7,16,2.6,50,,,,,TPBI,2.8,6.2,50,LiF,3.5,1,Al,,4,,,10.10
"A Highly Efficient, Blue-Phosphorescent Device Based on a Wide-Bandgap Host/FIrpic: Rational Design of the Carbazole and Phosphine Oxide Moieties on Tetraphenylsilane",ITO,PEDOT:PSS,3.3,5.2,30,NPB,2.5,5.2,80,mCP,2.4,5.9,30,,,,,110,3,TCSPO,2.2,5.46,2.89,30,Firpic,3,5.7,2.7,16,2.6,50,,,,,TPBi,2.8,6.2,50,LiF,3.5,1,Al,,3.6,,,19.40
"A Highly Efficient, Blue-Phosphorescent Device Based on a Wide-Bandgap Host/FIrpic: Rational Design of the Carbazole and Phosphine Oxide Moieties on Tetraphenylsilane",ITO,PEDOT:PSS,3.3,5.2,30,NPB,2.5,5.2,30,mCP,2.4,5.9,10,,,,,60,3,DCSPO,2.19,5.43,2.97,30,Firpic,3,5.7,2.7,16,2.6,50,,,,,TPBi,2.8,6.2,30,LiF,3.5,1,Al,,3.5,,,21.90
"A Highly Efficient, Blue-Phosphorescent Device Based on a Wide-Bandgap Host/FIrpic: Rational Design of the Carbazole and Phosphine Oxide Moieties on Tetraphenylsilane",ITO,PEDOT:PSS,3.3,5.2,30,NPB,2.5,5.2,30,mCP,2.4,5.9,10,,,,,60,3,DCSPO,2.19,5.43,2.97,30,Firpic,3,5.7,2.7,16,3.4,50,,,,,DPOSi,2.2,5.6,30,LiF,3.5,1,Al,,3.5,,,37.20
"A Highly Efficient, Blue-Phosphorescent Device Based on a Wide-Bandgap Host/FIrpic: Rational Design of the Carbazole and Phosphine Oxide Moieties on Tetraphenylsilane",ITO,PEDOT:PSS,3.3,5.2,30,DCzSi,1.9,5.6,40,,,,,,,,,30,3.02,DCSPO,2.19,5.43,2.97,30,Firpic,3,5.7,2.7,16,2.6,50,,,,,TPBi,2.8,6.2,30,LiF,3.5,1,Al,,6,,,12.60
"A Highly Efficient, Blue-Phosphorescent Device Based on a Wide-Bandgap Host/FIrpic: Rational Design of the Carbazole and Phosphine Oxide Moieties on Tetraphenylsilane",ITO,PEDOT:PSS,3.3,5.2,30,DCzSi,1.9,5.6,40,,,,,,,,,30,3.02,DCSPO,2.19,5.43,2.97,30,Firpic,3,5.7,2.7,16,3.4,50,,,,,DPOSi,2.2,5.6,30,LiF,3.5,1,Al,,6,,,49.40
Tetraphenylsilane derivatives spiro-annulated by triphenylamine/carbazole with enhanced HOMO energy levels and glass transition temperatures without lowering triplet energy: host materials for efficient blue phosphorescent OLEDs,ITO,,,,,NPB,2.5,5.2,40,TCTA,2.4,5.7,5,,,,,45,2.82,SiBSTPA,1.77,5.3,2.75,20,Firpic,3,5.7,2.7,8,2.7,40,,,,,TAZ,2.7,6.3,40,LiF,3.5,1,Al,,,,5.2,12.80
Tetraphenylsilane derivatives spiro-annulated by triphenylamine/carbazole with enhanced HOMO energy levels and glass transition temperatures without lowering triplet energy: host materials for efficient blue phosphorescent OLEDs,ITO,,,,,NPB,2.5,5.2,40,TCTA,2.4,5.7,5,,,,,45,2.82,SiBSCz,2.17,5.56,2.76,20,Firpic,3,5.7,2.7,8,2.7,40,,,,,TAZ,2.7,6.3,40,LiF,3.5,1,Al,,,,3.6,9.30
Carbazolyl-substituted quinazolinones as high-triplet-energy materials for phosphorescent organic light emitting diodes,ITO,,,,,m-MTDATA,1.9,5.1,30,,,,,,,,,30,2.67,2,2.08,5.38,2.67,30,Firpic,3,5.7,2.7,10,2.5,40,,,,,BPhen,3,6.4,40,Ca,2.8,10,Al,,,0.3,0.5,4.80
Carbazolyl-substituted quinazolinones as high-triplet-energy materials for phosphorescent organic light emitting diodes,ITO,,,,,m-MTDATA,1.9,5.1,30,TAPC,2,5.5,8,,,,,38,2.87,2,2.08,5.38,2.67,30,Firpic,3,5.7,2.7,10,3.36,35,TSPO1,2.5,6.8,8,TPBi,2.8,6.2,30,Ca,2.8,10,Al,,,2,1,6.28
Carbazolyl-substituted quinazolinones as high-triplet-energy materials for phosphorescent organic light emitting diodes,ITO,,,,,m-MTDATA,1.9,5.1,30,TAPC,2,5.5,8,,,,,38,2.87,2,2.08,5.38,2.67,30,Firpic,3,5.7,2.7,10,3.36,35,TSPO1,2.5,6.8,8,TPBi,2.8,6.2,30,Ca,2.8,10,Al,,,2,1,6.28
Enabling high-efficiency organic light-emitting diodes with a cross-linkable electron confining hole transporting material,ITO,PEDOT:PSS,3.3,5.2,35,,,,,,,,,,,,,0,0,CBP,2.7,5.8,2.6,20,Firpic,3,5.7,2.7,10,2.6,50,,,,,TPBi,2.8,6.2,32,LiF,3.5,1,Al,,,6.9,5.8,13.30
Enabling high-efficiency organic light-emitting diodes with a cross-linkable electron confining hole transporting material,ITO,PEDOT:PSS,3.3,5.2,35,VPEC,2,5.3,10,,,,,,,,,10,2.88,CBP,2.7,5.8,2.6,20,Firpic,3,5.7,2.7,10,2.6,50,,,,,TPBi,2.8,6.2,32,LiF,3.5,1,Al,,,8.9,6.9,16.00
Enabling high-efficiency organic light-emitting diodes with a cross-linkable electron confining hole transporting material,ITO,PEDOT:PSS,3.3,5.2,35,,,,,,,,,,,,,0,0,TCTA,2.4,5.7,2.82,20,Firpic,3,5.7,2.7,10,2.6,50,,,,,TPBi,2.8,6.2,32,LiF,3.5,1,Al,,,16.5,8.9,20.60
Enabling high-efficiency organic light-emitting diodes with a cross-linkable electron confining hole transporting material,ITO,PEDOT:PSS,3.3,5.2,35,VPEC,2,5.3,10,,,,,,,,,10,2.88,TCTA,2.4,5.7,2.82,20,Firpic,3,5.7,2.7,10,2.6,50,,,,,TPBi,2.8,6.2,32,LiF,3.5,1,Al,,,16.9,9.4,21.70
Tetrasubstituted adamantane derivatives with arylamine groups: Solution-processable hole-transporting and host materials with high triplet energy and good thermal stability for organic light-emitting devices,ITO,PEDOT:PSS,3.3,5.2,40,,,,,,,,,,,,,0,0,1,1.62,5.23,3.01,60,Firpic,3,5.7,2.7,10,2.75,35,,,,,TmPyPB,2.73,6.68,35,LiF,3.5,1,Al,,,,,3.00
Tetrasubstituted adamantane derivatives with arylamine groups: Solution-processable hole-transporting and host materials with high triplet energy and good thermal stability for organic light-emitting devices,ITO,PEDOT:PSS,3.3,5.2,40,,,,,,,,,,,,,0,0,2,1.63,5.12,2.97,60,Firpic,3,5.7,2.7,10,2.75,35,,,,,TmPyPB,2.73,6.68,35,LiF,3.5,1,Al,,,,,4.00
Tetrasubstituted adamantane derivatives with arylamine groups: Solution-processable hole-transporting and host materials with high triplet energy and good thermal stability for organic light-emitting devices,ITO,PEDOT:PSS,3.3,5.2,40,,,,,,,,,,,,,0,0,3,2.09,5.6,3.02,60,Firpic,3,5.7,2.7,10,2.75,35,,,,,TmPyPB,2.73,6.68,35,LiF,3.5,1,Al,,,,,0.60
Tetrasubstituted adamantane derivatives with arylamine groups: Solution-processable hole-transporting and host materials with high triplet energy and good thermal stability for organic light-emitting devices,ITO,PEDOT:PSS,3.3,5.2,40,,,,,,,,,,,,,0,0,4,2.01,5.47,2.99,60,Firpic,3,5.7,2.7,10,2.75,35,,,,,TmPyPB,2.73,6.68,35,LiF,3.5,1,Al,,,,,3.00
Tetrasubstituted adamantane derivatives with arylamine groups: Solution-processable hole-transporting and host materials with high triplet energy and good thermal stability for organic light-emitting devices,ITO,PEDOT:PSS,3.3,5.2,40,,,,,,,,,,,,,0,0,TAPC,2,5.5,2.87,60,Firpic,3,5.7,2.7,10,2.75,35,,,,,TmPyPB,2.73,6.68,35,LiF,3.5,1,Al,,,,,2.00
Bis-Tridentate Ir(III) Complexes with Nearly Unitary RGB Phosphorescence and Organic Light-Emitting Diodes with External Quantum Efficiency Exceeding 31%,ITO,MoO3,2.3,5.3,1,TAPC,2,5.5,50,mCP,2.4,5.9,10,,,,,60,3,mCPCN,2.24,5.8,3.03,20,Ir(pimf)(L1),2.7,5.48,2.66,12,2.95,50,,,,,3TPYMB,3.32,6.67,50,LiF,3.5,0.5,Al,100,2.5,33.6,20.7,53.60
Bis-Tridentate Ir(III) Complexes with Nearly Unitary RGB Phosphorescence and Organic Light-Emitting Diodes with External Quantum Efficiency Exceeding 31%,ITO,MoO3,2.3,5.3,1,TAPC,2,5.5,50,mCP,2.4,5.9,10,,,,,60,3,mCPCN,2.24,5.8,3.03,20,Ir(pimf)(L1),2.7,5.48,2.66,12,2.95,50,,,,,3TPYMB,3.32,6.67,50,LiF,3.5,0.5,Al,100,3,28.5,18.9,47.20
Bis-Tridentate Ir(III) Metal Phosphors for Efficient Deep-Blue Organic Light-Emitting Diodes,ITO,MoO3,2.3,5.3,1,TAPC,2,5.5,40,mCP,2.4,5.9,10,,,,,50,3,DPEPO,2.5,6.6,2.8,20,2,2.39,5.33,2.54,12,2.95,50,,,,,3TPYMB,3.32,6.67,50,LiF,3.5,1,Al,100,3,9,12,18.07
Bis-Tridentate Ir(III) Metal Phosphors for Efficient Deep-Blue Organic Light-Emitting Diodes,ITO,MoO3,2.3,5.3,1,TAPC,2,5.5,40,mCP,2.4,5.9,10,,,,,50,3,DPEPO,2.5,6.6,2.8,20,5,2.31,5.32,2.54,12,2.95,50,,,,,3TPYMB,3.32,6.67,50,LiF,3.5,1,Al,100,3,7,8,12.79
Efficient blue electroluminescence of iridium(III) complexes with oxadiazol-substituted amide ancillary ligands,ITO,HAT-CN,5.7,9.5,30,NPB,2.5,5.2,10,TCTA,2.4,5.7,10,,,,,20,2.82,mCP,2.4,5.9,3,20,Ir(dfpmpy)2(POXD),2.5,5.98,2.56,10,2.75,40,,,,,TmPyPB,2.73,6.68,40,Liq,2.8,1,Al,100,3.9,1,5.3,7.00
Efficient blue electroluminescence of iridium(III) complexes with oxadiazol-substituted amide ancillary ligands,ITO,HAT-CN,5.7,9.5,30,NPB,2.5,5.2,10,TCTA,2.4,5.7,10,,,,,20,2.82,mCP,2.4,5.9,3,20,Ir(dfppy)2(PhOXD),2.82,6.12,2.67,10,2.75,40,,,,,TmPyPB,2.73,6.68,40,Liq,2.8,1,Al,100,4.8,0.9,3.2,5.90
Efficient blue electroluminescence of iridium(III) complexes with oxadiazol-substituted amide ancillary ligands,ITO,HAT-CN,5.7,9.5,30,NPB,2.5,5.2,10,TCTA,2.4,5.7,10,,,,,20,2.82,mCP,2.4,5.9,3,20,Ir(dfpypy)2(POXD),2.89,6.17,2.6,10,2.75,40,,,,,TmPyPB,2.73,6.68,40,Liq,2.8,1,Al,100,4.7,0.3,3.8,2.00
Finely Tuned Blue Iridium Complexes with Varying Horizontal Emission Dipole Ratios and Quantum Yields for Phosphorescent Organic Light-Emitting Diodes,ITO,20,2.4,5.9,1,pBCb2Cz,2.26,5.7,40,,,,,,,,,40,2.71,pBCb2Cz:TSPO1,2.26,5.7,2.93,30,tBu-FCNIr,3.02,5.8,2.75,10,3.36,35,,,,,TSPO1,2.5,6.8,35,,4.28,0,Al,100,3,23.7,20.3,38.10
Highly Efficient Blue Phosphorescent Organic Light-Emitting Diodes Employing a Host Material with Small Bandgap,ITO,HAT-CN,5.7,9.5,10,TAPC,2,5.5,45,,,,,,,,,45,2.87,DBF-DMS,2.55,5.9,2.9,20,fac-Ir(iprpmi)3,2.2,4.8,2.62,12,2.75,45,,,,,TmPyPB,2.73,6.68,45,Liq,2.8,2,Al,100,,47.6,25.7,60.30
Highly Efficient Blue Phosphorescent Organic Light-Emitting Diodes Employing a Host Material with Small Bandgap,ITO,HAT-CN,5.7,9.5,10,TAPC,2,5.5,45,,,,,,,,,45,2.87,mCP,2.4,5.9,3,20,fac-Ir(iprpmi)3,2.2,4.8,2.62,12,2.75,45,,,,,TmPyPB,2.73,6.68,45,Liq,2.8,2,AI,100,,31.3,21.1,49.80
Highly Efficient Deep Blue Organic Light-Emitting Diodes Based on Imidazole: Significantly Enhanced Performance by Effective Energy Transfer with Negligible Efficiency Roll-off,ITO,HAT-CN,5.7,9.5,6,TAPC,2,5.5,40,TCTA,2.4,5.7,10,,,,,50,2.82,26DCzPPy,2.51,5.92,2.71,25,PyINA,2.21,5.21,2.77,30,2.6,30,,,,,TPBi,2.8,6.2,30,LiF,3.5,1.2,Al,120,4.4,-1,2.06,1.72
Highly Efficient Deep Blue Organic Light-Emitting Diodes Based on Imidazole: Significantly Enhanced Performance by Effective Energy Transfer with Negligible Efficiency Roll-off,ITO,HAT-CN,5.7,9.5,6,TAPC,2,5.5,40,TCTA,2.4,5.7,10,,,,,50,2.82,DMPPP,2.49,5.53,2.08,25,PyINA,2.21,5.21,2.77,30,2.6,30,,,,,TPBi,2.8,6.2,30,LiF,3.5,1.2,Al,120,3.3,-0.86,2.15,1.90
Highly Efficient Deep Blue Organic Light-Emitting Diodes Based on Imidazole: Significantly Enhanced Performance by Effective Energy Transfer with Negligible Efficiency Roll-off,ITO,HAT-CN,5.7,9.5,6,TAPC,2,5.5,40,TCTA,2.4,5.7,10,,,,,50,2,DPEPO,2.5,6.6,2.8,25,PyINA,2.21,5.21,2.77,30,2.6,30,,,,,TPBi,2.8,6.2,30,LiF,3.5,1.2,Al,120,3.2,1.23,3.49,4.58
Novel Design of Iridium Phosphors with Pyridinylphosphinate Ligands for High-Efficiency Blue Organic Light-emitting Diodes,ITO,MoO3,2.3,5.3,3,TAPC,2,5.5,50,TCTA,2.4,5.7,5,,,,,55,2.82,26DCzPPy,2.6,6.1,2.71,15,(dfppy)2Ir(dpp),2.95,5.96,2.64,10,2.75,50,,,,,TmPyPB,2.73,6.68,50,LiF,3.5,1,Al,100,3.2,33.31,11,48.79
Novel Design of Iridium Phosphors with Pyridinylphosphinate Ligands for High-Efficiency Blue Organic Light-emitting Diodes,ITO,MoO3,2.3,5.3,3,TAPC,2,5.5,50,,,,,,,,,50,2.87,26DCzPPy,2.6,6.1,2.71,15,(dfppy)2Ir(dpp),2.95,5.96,2.64,10,2.75,50,,,,,TmPyPB,2.73,6.68,50,LiF,3.5,1,Al,100,3.5,30.8,25.23,48.06
Novel Design of Iridium Phosphors with Pyridinylphosphinate Ligands for High-Efficiency Blue Organic Light-emitting Diodes,ITO,MoO3,2.3,5.3,3,TAPC,2,5.5,50,,,,,,,,,50,2.87,26DCzPPy,2.6,6.1,2.71,15,(dfppy)2Ir(dpp),3,5.95,2.64,8,2.75,50,,,,,TmPyPB,2.73,6.68,50,LiF,3.5,1,Al,100,3.2,30.76,25.21,48.01
Novel Design of Iridium Phosphors with Pyridinylphosphinate Ligands for High-Efficiency Blue Organic Light-emitting Diodes,ITO,MoO3,2.3,5.3,3,TAPC,2,5.5,50,,,,,,,,,50,2.87,26DCzPPy,2.6,6.1,2.71,15,(dfppy)2Ir(dpp),3,5.95,2.64,12,2.75,50,,,,,TmPyPB,2.73,6.68,50,LiF,3.5,1,Al,100,3.5,28.15,24.74,47.08
Novel Design of Iridium Phosphors with Pyridinylphosphinate Ligands for High-Efficiency Blue Organic Light-emitting Diodes,ITO,MoO3,2.3,5.3,3,TAPC,2,5.5,50,,,,,,,,,50,2.87,26DCzPPy,2.6,6.1,2.71,15,(dfppy)2Ir(ppp),3,5.95,2.64,10,2.75,50,,,,,TmPyPB,2.73,6.68,50,LiF,3.5,1,Al,100,2.9,32.66,24.61,46.81
Novel Design of Iridium Phosphors with Pyridinylphosphinate Ligands for High-Efficiency Blue Organic Light-emitting Diodes,ITO,MoO3,2.3,5.3,3,TAPC,2,5.5,50,,,,,,,,,50,2.87,26DCzPPy,2.6,6.1,2.71,15,(dfppy)2Ir(ppp),3,5.95,2.64,8,2.75,50,,,,,TmPyPB,2.73,6.68,50,LiF,3.5,1,Al,100,2.9,33.89,24.25,46.09
Novel Design of Iridium Phosphors with Pyridinylphosphinate Ligands for High-Efficiency Blue Organic Light-emitting Diodes,ITO,MoO3,2.3,5.3,3,TAPC,2,5.5,50,,,,,,,,,50,2.87,26DCzPPy,2.6,6.1,2.71,15,(dfppy)2Ir(ppp),3,5.95,2.64,12,2.75,50,,,,,TmPyPB,2.73,6.68,50,LiF,3.5,1,Al,100,3,31.2,23.89,45.38
Novel Design of Iridium Phosphors with Pyridinylphosphinate Ligands for High-Efficiency Blue Organic Light-emitting Diodes,ITO,MoO3,2.3,5.3,3,TAPC,2,5.5,50,TCTA,2.4,5.7,5,,,,,55,2.82,26DCzPPy,2.6,6.1,2.71,15,(dfppy)2Ir(ppp),3,5.95,2.64,10,2.75,50,,,,,TmPyPB,2.73,6.68,50,LiF,3.5,1,Al,100,3.4,27.76,10,43.32
Orthogonal Molecular Structure for Better Host Material in Blue Phosphorescence and Larger OLED White Lighting Panel,ITO,HAT-CN,5.7,9.5,10,TAPC,2,5.5,45,,,,,,,,,45,2.87,POSTF,2.12,5.57,2.8,20,fac-Ir(iprpmi)3,2.2,4.8,2.62,15,2.75,40,,,,,TmPyPB,2.73,6.68,40,Liq,2.8,2,Al,100,3.9,42.7,23.1,54.10
Phenylimidazole-based homoleptic iridium(III) compounds for blue phosphorescent organic light-emitting diodes with high efficiency and long lifetime,ITO,HAT-CN,5.7,9.5,10,TAPC,2,5.5,40,,,,,,,,,40,2.87,mCBP,2.4,6.1,2.8,15,Ir(itpim)3,2.96,5.53,2.7,10,2.69,55,,,,,BmPyPB,2.6,6.8,55,LiF,3.5,0.5,Al,100,4,25.3,20.1,36.30
Phenylimidazole-based homoleptic iridium(III) compounds for blue phosphorescent organic light-emitting diodes with high efficiency and long lifetime,ITO,HAT-CN,5.7,9.5,10,TAPC,2,5.5,40,,,,,,,,,40,2.87,mCBP,2.4,6.1,2.8,15,Ir(itpim)3,2.96,5.53,2.7,10,2.69,55,,,,,BmPyPB,2.6,6.8,55,LiF,3.5,0.5,Al,100,4,23.9,19.1,34.00
Self-Host Blue-Emitting Iridium Dendrimer Containing Bipolar Dendrons for Nondoped Electrophosphorescent Devices with Superior High-Brightness Performance,ITO,PEDOT:PSS,3.3,5.2,45,,,,,,,,,,,,,0,0,B-CzG2,2.26,5.28,2.8,40,B-CzG2,2.26,5.28,2.66,0,2.7,65,,,,,SPPO13,2.91,6.56,65,LiF,3.5,0.5,Al,100,3.5,7.6,7.1,15.10
Self-Host Blue-Emitting Iridium Dendrimer Containing Bipolar Dendrons for Nondoped Electrophosphorescent Devices with Superior High-Brightness Performance,ITO,PEDOT:PSS,3.3,5.2,45,,,,,,,,,,,,,0,0,B-CzPO,2.26,5.28,2.8,40,B-CzPO,2.26,5.28,2.66,0,2.7,65,,,,,SPPO13,2.91,6.56,65,LiF,3.5,0.5,Al,100,4,10.4,9.9,21.20
